id,question_de,original_answer,model_answer
college_physics/test/100,"Positronium ist ein Atom, das aus einem Elektron und einem Positron (Antielektron) gebildet wird. Es ist dem Wasserstoffatom ähnlich, wobei das Positron das Proton ersetzt. Wenn ein Positronium-Atom von einem Zustand mit n=3 in einen Zustand mit n=1 übergeht, ist die Energie des bei diesem Übergang emittierten Photons am nächsten an",A,B
anatomy/test/22,Die regionale Lymphdrainage der linken Seite der Zungenspitze verläuft zum,B,B
high_school_statistics/test/123,"Die Schulbehörde eines großen Schulbezirks möchte eine neue Kleiderordnung für Schüler einführen. Einige Schüler sind der Meinung, dass diese Kleiderordnung in unfairer Weise auf Schülerinnen abzielt. Um herauszufinden, ob ein Unterschied zwischen Jungen und Mädchen in deren Ablehnung der neuen Kleiderordnung vorhanden ist, wird eine Umfrage unter 60 zufällig ausgewählten männlichen und 70 zufällig ausgewählten weiblichen Oberschülern des Distrikts ausgeführt. Das Ergebnis zeigt, dass 66 weibliche Schülerinnen und 50 männliche Schüler die Kleiderordnung ablehnen. Welche der folgenden Erklärungen begründet, warum ein z-Test mit zwei Anteilen ungeeignet ist?",C,C
miscellaneous/test/166,"Welcher Rang befähigt einen General der US-Armee, drei Sterne zu tragen?",C,C
prehistory/test/140,Was war KEIN Entscheidungsfaktor für die Entwicklung der mesopotamischen Kultur?,A,A
security_studies/test/204,In welchem Ausmaß wurden biologische Stoffe als Waffen benutzt?,C,A
conceptual_physics/test/225,Im Atomkern tendieren die elektrischen Kräfte dazu,B,B
marketing/test/227,Welcher der folgenden Punkte ist nicht Teil der externen Marketing-Umgebung?,C,A
professional_law/test/716,"Am 1. Januar schloss ein Verkäufer einen Kaufvertrag ab, um seinen Bauernhof an einen Käufer zu übertragen. Laut Vertrag sollte die Abwicklung (oder der Abschluss) am 1. März desselben Jahres erfolgen. Am 20. Januar wurde eine Scheune auf dem Grundstück durch ein Feuer zerstört. Als der Käufer am nächsten Tag über den Schaden informiert wurde, setzte er sich mit dem Verkäufer in Verbindung und teilte ihm mit, dass er das Geschäft wegen des Brandes nicht durchführen würde. Daraufhin reichte der Käufer am 25. Januar Klage gegen den Verkäufer auf Rückerstattung seiner Anzahlung von 5.000 USD ein. Der Käufer hat mit seiner Klage keinen Erfolg und ist verpflichtet, den Vertrag zu erfüllen, wenn das Gericht feststellt, dass am 20. Januar",C,B
jurisprudence/test/86,"Der Fokus der liberalen Feministen auf Gleichberechtigung wird von radikalen Feministen als irrtümlich angeprangert, weil",B,C
moral_scenarios/test/578,"Bei welchem der beiden Szenarien handelt der Hauptcharakter (der „Ich“ / „mich“ / „mein“ verwendet) gemäß den Moralstandards der USA in 2020 auf eindeutig moralisch verwerfliche Art? Szenario 1 | Ich trocknete das feine Porzellan im Trockner des Waschsalons. Szenario 2 | Ich ging zum Meer, um Delphine zu fischen.",A,B
public_relations/test/82,Watson und Noble (2005) stellen ein fünfstufiges Modell für die zirkuläre Bewertung vor. In welchem Schritt sollte der Pretest von Strategie und Taktik durchgeführt werden?,C,A
jurisprudence/test/31,Statuten fallen oft unter den Begriff ________ Recht.,D,D
management/test/46,"Welche Art von Organisationskultur ist am ehesten geeignet, Stabilität und Effizienz zu gewährleisten?",B,A
public_relations/test/85,"Emma surft auf einer beliebten Website, als sie auf die Geschichte eines bekannten Schauspielers stößt, der kürzlich wegen überhöhter Geschwindigkeit und Fahren auf der falschen Straßenseite angehalten wurde. Es stellte sich heraus, dass er getrunken hatte, und der Polizist, der ihn festnahm, fand Drogen im Auto. Der Pressesprecher des Schauspielers gab eine Erklärung ab, in der er behauptete, der Schauspieler sei nur müde gewesen und die Drogen gehörten jemand anderem. Emma kann sich des Eindrucks nicht erwehren, dass die gesamte Öffentlichkeitsarbeit ________ ist und nur dann stattfindet, wenn etwas Negatives passiert ist.",B,C
professional_law/test/960,"Ein Mann lieh sich bei einer Bank 150.000 USD, um sein Haus umzugestalten, und unterzeichnete einen Schuldschein, in dem er sich verpflichtete, den Kredit über einen Zeitraum von 10 Jahren zurückzuzahlen. Der Kredit wurde durch eine Hypothek auf das Haus gesichert. Die Bank ließ die Hypothek, die zu diesem Zeitpunkt das einzige Pfandrecht auf das Haus war, umgehend eintragen. Einige Monate später lieh sich der Mann von seiner Mutter 40.000 USD für den Kauf eines neuen Lastwagens und übertrug seiner Mutter eine Hypothek auf das Haus, um die Rückzahlung der Schuld zu sichern. Die Mutter ließ die Hypothek umgehend eintragen. Später verlor der Mann seinen Arbeitsplatz und hatte Mühe, die Kreditraten sowohl an die Bank als auch an seine Mutter zu zahlen. Um der finanziellen Situation des Mannes Rechnung zu tragen, verlängerte die Bank die Amortisationszeit des Kredits, um die Höhe der monatlichen Zahlungen erheblich zu verringern. Die Bank änderte weder den Zinssatz noch erhöhte sie die Kreditsumme. Zum Zeitpunkt der Änderung des Bankkredits war der Mann mit seinen Zahlungen an seine Mutter nicht in Verzug. Weder die Bank noch der Mann informierten die Mutter über die Änderung des Bankkredits. Nachdem der Mann später fünf Zahlungen an seine Mutter versäumt hatte, leitete sie eine Zwangsvollstreckung ein. Während das Verfahren anhängig war, erfuhr die Mutter von der Kreditänderung durch die Bank. Die Mutter machte geltend, dass ihre Hypothek ein erstes Pfandrecht an der Immobilie und die Hypothek der Bank ein zweites Pfandrecht geworden sei. Ist die Behauptung der Mutter richtig?",A,A
college_physics/test/1,"Weißes Licht fällt gewöhnlich auf eine Pfütze mit Wasser (Brechungsindex 1,33). Eine dünne (500 nm) Ölschicht (Brechungsindex 1,5) schwimmt auf der Oberfläche der Pfütze. Von den folgenden Wellenlängen ist die am stärksten reflektierte",C,A
professional_psychology/test/448,"Eine Person, die erkannt hat, dass sie ein bestimmtes Verhalten ändern muss, der Situation aber ambivalent gegenübersteht, ist sehr wahrscheinlich in welchem Stadium der Verhaltensänderung?",C,B
professional_law/test/1416,"Eine Absolventin der juristischen Fakultät erhielt die Nachricht, dass sie die Anwaltsprüfung erfolgreich bestanden hatte. Um das Bestehen zu feiern, ging die Absolventin mit ein paar Freunden in eine beliebte Bar auf dem Campus. Ein Freund der Absolventin bestellte eine Runde Hula Girls für alle. Ein Hula Girl ist ein extrem starkes alkoholisches Getränk, das aus 2 ounces trockenem Gin, 1 ounce französischem Wermut und 1 Teelöffel Grenadine besteht. Nachdem das Getränk gemischt wurde, wird es in einem Glas mit einer umgedrehten Zitronenschale serviert, die an den Enden eingeschnitten ist, um einen Grasrock darzustellen. Obwohl die Absolventin noch nie etwas von einem Hula Girl gehört hatte, war sie in Feierlaune und trank den Drink trotzdem. Einige Minuten später wurde der Absolventin sehr schwindlig und sie versuchte, vom Barhocker aufzustehen. Als sie versuchte, zur Toilette zu gehen, wurde ihr übel und sie erbrach sich über einen Kunden, der an einem Nachbartisch saß. Der Kunde wurde durch den Vorfall in Verlegenheit gebracht und stark gedemütigt. Wenn der Kunde einen Anspruch gegen die Absolventin geltend macht, wird der Kläger höchstwahrscheinlich",C,A
marketing/test/17,Welches sind die drei großen Gruppen von Segmentierungskriterien für Unternehmensmerkmale?,C,C
high_school_psychology/test/90,Welcher der folgenden Scans kann die Hirnfunktion darstellen?,C,A
high_school_us_history/test/64,"Diese Frage bezieht sich auf die folgenden Informationen:
Es ist natürlich, es ist ein Privileg, ich werde weiter gehen, es ist ein Recht, dass alle freien Männer beanspruchen, dass sie sich beschweren können, wenn sie verletzt sind. Sie haben ein Recht, öffentlich mit allem Nachdruck gegen den Machtmissbrauch zu protestieren, damit ihre Nachbarn auf der Hut sind gegen das Handwerk und die offene Gewalttätigkeit von Männern in Autoritätsstellung, und mutig die Vorstellungen, die sie vom Segen der Freiheit haben, den Wert, den sie darauf legen und ihren Entschluss, sie gegen alle Gefahren zu verteidigen, um sie als eine der größten Segnungen zu bewahren, die der Himmel verleihen kann, durchzusetzen…. Aber, um das abzuschließen: Das Thema hier vor Gericht und vor Ihnen, Gentlemen von der Jury, ist nicht gering oder eine Privatangelegenheit. Es ist nicht die Sache eines armen Druckers, und es geht auch nicht um New York allein, was sie jetzt unterstellen mögen. Nein! Es kann in der Folge jeden freien Mann betreffen, der unter einer britischen Regierung auf dem amerikanischen Kontinent lebt. Es ist die beste Sache. Es ist die Sache der Freiheit. Und ich lasse keine Zweifel, aber Ihr aufrechtes Verhalten an diesem Tag bringt ihnen nicht nur die Liebe und Hochschätzung Ihrer Mitbürger ein, sondern jeder Mann, der die Freiheit dem Leben in Sklaverei vorzieht, wird Sie segnen und ehren als Männer, die den Versuch der Tyrannei abgewehrt haben und mit einem unparteiischen und nicht korruptem Urteilsspruch haben sie uns, unserer Nachkommenschaft und unseren Nachbarn ein nobles Fundament gesichert, auf das die Natur und die Gesetze unseres Landes uns ein Recht auf Freiheit gründen, um eine willkürliche Machtausübung sowohl offenzulegen als auch ihr entgegenzutreten (zumindest in diesem Teil der Welt), indem man die Wahrheit ausspricht und schreibt.
—Andrew Hamilton, Schlussplädoyer, Verfahren eines Zeitungsredakteurs wegen Verleumdung 
John Peter Zenger, 4. August 1735
Mit welchem der folgenden Ereignisse kann der Zenger-Fall am besten verglichen werden?",B,D
professional_law/test/294,"Bevor sich ein Bundesgericht mit einem Fall befassen kann, muss dieser justiziabel sein, d. h. einen Fall oder eine Kontroverse involvieren. Welche der folgenden Einschränkungen gilt nicht für die Zuständigkeit von Bundesgerichten?",A,A
prehistory/test/156,"Wann erscheinen im zweistündigen Film des Autors, der die Geschichte des Universums erzählt, die ersten Mitglieder der Menschenfamilie?",D,B
high_school_psychology/test/277,"Stephen macht gerade seien zweite Scheidung durch. Er denkt, dass es nie wieder eine Frau geben wird, die ihn liebt. Sein Therapeut weist darauf hin, dass Stephens Gedanken irrational und falsch ist. Welche der folgenden Therapien wendet der Therapeut an?",D,A
us_foreign_policy/test/3,"Wer war der erste amerikanische Präsident, der das kommunistische China besuchte?",A,A
business_ethics/test/36,"____________ bezieht sich auf einen strategischen Prozess, der die Beurteilung von Interessengruppen einschließt, um langfristige Beziehungen zu Kunden zu schaffen und gleichzeitig die natürliche Umwelt zu erhalten, zu unterstützen und zu verbessern.",B,A
high_school_us_history/test/197,"Diese Frage bezieht sich auf die folgenden Informationen:
„Wenn man das auswertet, glaube ich, dass das Herz und die Seele des Konservatismus der Libertarismus ist. Ich denke, dass der Konservatismus eigentlich eine Fehlbezeichnung ist, so wie der Liberalismus eine Fehlbezeichnung für die Liberalen ist—wenn wir zurück in den Tagen der Revolution wären, würden die sogenannten Konservativen von heute die Liberalen sein und die Liberalen wären die Tories. Die Basis des Konservatismus ist ein Wunsch nach weniger Einmischung der Regierung oder weniger zentralisierter Autorität oder mehr individueller Freiheit und das ist eine ziemlich allgemeine Beschreibung dessen, was der Libertarismus ist. Also, ich kann nicht sagen, dass ich allen Dingen, die die aktuelle -Gruppe, die sich selbst Liberalisten im Geiste einer Partei sagen, zustimme, weil ich denke, dass es in jeder politischen Bewegung Nuancen gibt und es gibt Liberalisten, die fast an dem Punkt angelangt sind, wo sie überhaupt keine Regierung oder die Anarchie wollen. Ich glaube, dass es gerechtfertigte Regierungsfunktionen gibt. Es gibt in einer geordneten Gesellschaft einen gerechtfertigten Bedarf nach einer Regierung, die die Freiheit aufrechterhält oder wir haben eine Tyrannei durch Einzelne. Der stärkste Mann im Häuserblock gibt dann den Ton in der Nachbarschaft an. Wir haben eine Regierung, um sicherzustellen, dass nicht jeder einzelne von uns einen Knüppel mit sich tragen muss, um sich selbst zu verteidigen. Aber noch einmal, ich stehe zu meiner Erklärung, dass ich denke, dass der Libertarismus und der Konservatismus denselben Weg gehen.“
Ronald Reagan, Interview veröffentlicht im Magazin Reason, 1975
Alle nachfolgenden sind Faktoren, die zur Bedeutung des Konservatismus in den späten 1970igern und 1980igern beigetragen haben, AUSSER",A,B
high_school_european_history/test/27,"Diese Frage bezieht sich auf die folgenden Informationen:
Als Jude habe ich nie an gemeinschaftliche Schuld geglaubt. Nur die Schuldigen waren schuldig.
Kinder von Mördern sind keine Mörder, sondern Kinder. Ich habe weder den Wunsch noch die Befugnis, über die heutige Generation zu urteilen angesichts der unaussprechlichen Straftaten, die die Hitler-Generation begangen hat.
Aber wir können—und wir müssen—sie zur Verantwortung ziehen, nicht für die Vergangenheit, aber für die Art und Weise, in der sie sich der Vergangenheit erinnern. Und für das, was es mit der Rückbesinnung an die Vergangenheit anstellt. Mit der Erinnerung können Sie Ihrem eigenen Volk helfen, die Geister zu bannen, die über seiner Geschichte schweben. Denken Sie daran, eine Gemeinschaft, die den Gedanken an die Toten nicht bewältigt, wird die Lebenden weiterhin traumatisieren.
Wir erinnern uns an Auschwitz und an alles, was Auschwitz symbolisiert, weil wir glauben, dass trotz der Vergangenheit und ihren Schrecken die Welt es wert ist, erlöst zu werden und die Erlösung kann genauso wie die Wiedergutmachung nur in der Erinnerung gefunden werden.
Elie Wiesel, ""Rückschau eines Überlebenden,"" 1987
Aus der Textpassage kann man schließen, dass Wiesel behauptete, dass die Erinnerung an den Holocaust",A,A
high_school_chemistry/test/158,"Bei der Untersuchung einer chemischen Reaktion durch eine Chemiestudentin konnte sie feststellen, dass die Reaktion bei 1 atm und 298 K nicht spontan abläuft. Sie erfuhr jedoch, dass das Kühlen des Systems mit Trockeneis (-78 °C) die Reaktion spontan werden ließ. Welche der folgenden Kombinationen muss auf diese Reaktion zutreffen?",C,C
professional_law/test/634,"Ein Bundesstaat hat kürzlich medizinische Statistiken veröffentlicht, aus denen hervorgeht, dass sich die Zahl der neuen AIDS-Fälle in diesem Bundesstaat gegenüber dem Vorjahr vervierfacht hat. Im Jahr 2008 meldete der Bundesstaat, dass bei 2.250 Menschen das AIDS-Virus diagnostiziert worden war. Im Jahr 2009 bestätigte der Bundesstaat jedoch, dass sich über 9.000 neue Personen mit dem tödlichen Virus infiziert haben. Um die medizinische Versorgung von AIDS-Patienten in diesem Bundesstaat zu verbessern, hat der Gesetzgeber ein Gesetz erlassen, das öffentliche Mittel zur Unterstützung privater Krankenhäuser bereitstellt. Dem Gesetz zufolge sollte jedes Krankenhaus im Bundesstaat jährlich 5.000 USD für jeden AIDS-Patienten erhalten, der in dieses Krankenhaus aufgenommen wurde und dessen Aufenthaltsdauer eine Woche überstieg. Obwohl dieser Gesetzentwurf zunächst von mehreren Kirchen und anderen Organisationen abgelehnt wurde, überarbeitete die Legislative des Bundesstaates das Gesetz in einem Kompromissversuch, um die Opposition zu besänftigen. In der endgültigen Fassung sah der Gesetzentwurf vor, dass der jährliche Zuschuss von 5.000 USD „nicht an Krankenhäuser gezahlt wird, die Abtreibungen vornehmen“. Welches der folgenden Argumente spricht am stärksten gegen die Verfassungsmäßigkeit des Gesetzes in diesem Bundesstaat?",B,B
college_physics/test/71,"Die im Spektrum des Quasars 3C9 beobachteten Wasserstofflinien sind so weit ins Rote verschoben, dass ihre Wellenlängen dreimal so lang sind wie die des Lichts von ruhenden Wasserstoffatomen in einem Labor auf der Erde. Wird angenommen, dass die Verschiebung ausschließlich auf die relative Bewegung von 3C9 und der Erde zurückzuführen ist, so beträgt die relative Geschwindigkeit des Quasars",C,C
high_school_psychology/test/281,"In einem Cartoon kauert ein Engel auf einer Schulter und ein Teufel auf der anderen Schulter einer Figur, die sich entscheiden muss, ob sie einem Obdachlosen Geld gibt oder nicht. Der Teufel sagt: „Gib ihm nichts, du kannst das Geld besser verwenden als er.“ Der Engel sagt: „Gib ihm Geld, denn er braucht es mehr als du.“ Die Figur gibt dem Obdachlosen die Hälfte ihres Geldes. In einer Freud’schen Interpretation repräsentiert der Engel in Bezug auf die Figur die/das",D,A
high_school_macroeconomics/test/231,"Es ist ein monetaristischer Standpunkt, dass",C,A
moral_disputes/test/187,"Huemer argumentiert, dass es keinen Grund für die Annahme gäbe, die Schäden des Drogenkonsums seien in einem bedeutenden Sinne",D,A
high_school_computer_science/test/60,"Ist I = [1,2,3,4]. Was ist max(l) in Python3?",D,A
professional_medicine/test/47,"Während einer Untersuchung von Nierenglomeruli wird eine gesunde tierische Niere in ein vaskuläres Bad mit konstantem afferenten Arterialdruck von 100 mmHg gegeben. Wenn die efferente Arteriole abgeklemmt wird, verändert sich welche Starling-Kraft in den Glomeruli am ehesten?",D,B
elementary_mathematics/test/369,Ein Schüler hat 3 Puzzles. Jedes Puzzle hat 1.250 Teile. Wie viele Teile haben die Puzzles insgesamt?,B,D
high_school_chemistry/test/12,"Fluorwasserstoff, HF, ist bei 15 °C flüssig. Alle anderen Halogenwasserstoffe (dargestellt durch HX, wobei X ein beliebiges anderes Halogen ist) sind bei der gleichen Temperatur gasförmig. Warum?",C,B
high_school_mathematics/test/191,"Wenn $m$ und $n$ ungerade ganze Zahlen sind, wie viele Terme in der Entwicklung von $(m+n)^6$ sind dann ungerade?",A,A
moral_scenarios/test/796,"Bei welchem der beiden Szenarien handelt der Hauptcharakter (der „Ich“ / „mich“ / „mein“ verwendet) gemäß den Moralstandards der USA in 2020 auf eindeutig moralisch verwerfliche Art? Szenario 1 | Ich warf die Zeitungen in den Waldbrand. Szenario 2 | Ich bat meine Kinder, den Tisch fürs Abendessen zu decken.",B,B
moral_disputes/test/171,"Carens Hauptschlussfolgerung ist, dass",A,A
virology/test/128,Welche der folgenden Substanzen hat die Behandlung von Hepatitis C zuletzt revolutioniert?,A,D
professional_medicine/test/90,"Eine 19-jährige asiatische Studentin besucht den Universitätsarzt, weil sie seit 1 Woche unter einer verstopften Nase, gelegentlicher Rhinorrhö und leichten Halsschmerzen leidet. Vor zwei Tagen fühlte sie sich sehr warm an, sie hat aber ihre Temperatur nicht gemessen. Die medizinische Vorgeschichte ist unauffällig und sie nimmt nur ein orales Verhütungsmittel ein. Es gibt keine Allergien in der Vorgeschichte. Sie raucht nicht. Der BMI liegt bei 22 kg/m2. Die Vitalzeichen sind 38,1°C, Puls bei 88 Schlägen/min, Atemfrequenz 16/min und der Blutdruck 116/74 mmHg. Die körperliche Untersuchung zeigt eine Druckempfindlichkeit über der linken Kieferhöhle ohne purulenten Ausfluss. Hinter dem linken Trommelfell ist klare Flüssigkeit zu erkennen. Die Mandeln sind beidseitig vergrößert und es schmerzt die Patientin, die linken oberen Schneidezähne abzuklopfen. Die linke Stirnhöhle kann nicht durchleuchtet werden. Die Herz-Kreislauf-Untersuchung ist normal. Wovon wird die Sinusitis der Patientin am ehesten verursacht?",B,C
college_biology/test/2,"Um Austrocknung und Verletzungen zu vermeiden, sind die Embryonen von Landwirbeltieren von einer Flüssigkeit umgeben, die vom folgenden System abgesondert wird:",A,A
professional_psychology/test/424,"Sie werden vorgeladen, um vor Gericht eine Erklärung zu einem ehemaligen Klienten abzugeben. Während Ihrer Aussage fragt der Anwalt der Gegenpartei nach vertraulichen Informationen über Ihren Klienten. Was sollten Sie tun?",B,B
sociology/test/54,Der Fortschritt für Afroamerikaner nach der Sklaverei laut W. E. B. Dubois,A,A
virology/test/49,Wie werden neue Polyomaviren beschrieben?,A,C
high_school_macroeconomics/test/212,"Welches der Folgenden ist am ehesten geeignet, das Wirtschaftswachstum zu behindern?",C,A
high_school_government_and_politics/test/111,Alle zehn Jahre ist die Mehrheitsfraktion in den Parlamenten der Bundesstaaten verantwortlich für,A,A
security_studies/test/220,Auf den Ideen und Philosophien welcher Theoretiker basiert der historische Materialismus?,C,C
human_aging/test/108,Welche Art der Reaktionszeit weist den größten Unterschiede bezüglich des Alters auf?,C,C
high_school_chemistry/test/168,"Salpetrige Säure ist eine schwache Säure, während Salpetersäure eine viel stärkere Säure ist, weil",C,C
nutrition/test/233,Welche der folgenden Aussagen über die Proteolyse ist richtig?,A,D
college_medicine/test/160,Welches der folgenden Moleküle ist nicht Teil der DNA?,D,A
philosophy/test/31,"Aquin ist der Ansicht, das letzte Ziel des Menschen sei:",B,B
high_school_chemistry/test/124,Welche der folgenden Aussagen ist kein gutes Maß für relative intermolekulare Anziehungskräfte?,A,C
moral_scenarios/test/508,"Bei welchem der beiden Szenarien handelt der Hauptcharakter (der „Ich“ / „mich“ / „mein“ verwendet) gemäß den Moralstandards der USA in 2020 auf eindeutig moralisch verwerfliche Art? Szenario 1 | Ich bereitete ihr aus ihrem übriggebliebenen Lachs Sushi zu. Szenario 2 | Ich sprang aus einem Fenster, das sich einen Meter über dem Boden befand.",D,B
high_school_european_history/test/14,"Diese Frage bezieht sich auf die folgenden Informationen:
„Ein Geist geht in Europa um-der Geist des Kommunismus. Alle Kräfte des alten Europas sind eine heilige Allianz eingegangen, um diesen Geist auszutreiben, Papst und Zar, Metternich und Guizot, französische Radikale und deutsche Polizeispitzel.
Zwei Dinge ergeben sich aus dieser Tatsache.
I. Der Kommunismus wird bereits von allen europäischen Mächten als eine eigenständige Macht anerkannt.
II. Es ist höchste Zeit, dass die Kommunisten offen der ganzen Welt gegenüber ihre Ansichten, Ziele, Tendenzen veröffentlichen und diesen Kinderreim des Geists des Kommunismus ein Manifest der Partei selbst entgegenstellen.“
Karl Marx und Friedrich Engels, Das Kommunistische Manifest, 1848
In dieser Textpassage scheinen Marx und Engels hauptsächlich davon voreingenommen zu sein, ",D,A
machine_learning/test/70,"Sie haben gerade das Training eines Entscheidungsbaums für die Spam-Klassifizierung abgeschlossen, und sowohl bei den Trainings- als auch bei den Testdatensätzen zeigt sich eine ungewöhnlich schlechte Leistung. Sie wissen, dass Ihre Implementierung keine Fehler aufweist. Was könnte also die Ursache des Problems sein?",A,C
moral_scenarios/test/892,"Bei welchem der beiden Szenarien handelt der Hauptcharakter (der „Ich“ / „mich“ / „mein“ verwendet) gemäß den Moralstandards der USA in 2020 auf eindeutig moralisch verwerfliche Art? Szenario 1 | Ich stelle sicher, dass mein helles Sicherheitslicht nicht auf das Schlafzimmerfenster meines Nachbarn gerichtet ist. Szenario 2 | Ich schlug mit einem Kissen nach meinem besten Freund James.",D,C
world_religions/test/0,Was kann man mit „murtis“ übersetzen?,D,A
high_school_macroeconomics/test/46,"Der Gouverneursrat der FED besteht aus Mitgliedern, deren Amtszeit jeweils -Jahr beträgt.",B,B
conceptual_physics/test/199,Ermitteln Sie die Geschwindigkeit einer Welle durch Multiplikation ihrer Frequenz mit ihrer,B,A
electrical_engineering/test/68,Eine Verriegelung ist ________ empfindlich,C,A
medical_genetics/test/86,Welcher der folgenden Trisomie-Karyotypen hat die geringsten Auswirkungen auf die menschliche Entwicklung?,A,A
moral_scenarios/test/386,Bei welchem der beiden Szenarien handelt der Hauptcharakter (der „Ich“ / „mich“ / „mein“ verwendet) gemäß den Moralstandards der USA in 2020 auf eindeutig moralisch verwerfliche Art? Szenario 1 | Ich öffnete den Benzintank und befüllte ihn mit Benzin. Szenario 2 | Er ging zur Arbeit und ich heiratete einen anderen.,C,C
high_school_world_history/test/219,"Diese Frage bezieht sich auf die folgenden Informationen:
„Auf dieses stellt sich eine Frage, ob es besser ist geliebt als gefürchtet oder gefürchtet als geliebt zu werden? Die Frage kann damit beantwortet werden, dass man wünschen könnte, dass beides richtig ist, aber weil es schwierig ist, beides in einer Person zu vereinen, ist es viel sicherer, gefürchtet als geliebt zu werden, wenn man auf eine der beiden Optionen verzichten muss. Weil das im Allgemeinen von Männern zu behaupten ist, dass sie undankbar, launisch, falsch, feig, habgierig sind, und so lange alles gelingt, sind sie ganz und gar dein; sie werden dir ihr Blut, Vermögen, Leben und ihre Kinder anbieten, wie oben gesagt, wenn das Bedürfnis weit entfernt ist, aber wenn es näher kommt, wenden sie sich gegen dich. Und dieser Prinz, der sich vollkommen auf ihre Versprechen verlassen hat, hat es versäumt, andere Vorkehrungen zu treffen, ist ruiniert, weil Freundschaften, die man mit Geld und nicht mit Größe oder Edelmut des Geistes erlangt, können tatsächlich verdient sein, aber sie sind nicht gesichert, und in Zeiten der Not, kann man sich nicht auf sie verlassen; und Männer haben weniger Skrupel, jemand, der geliebt wird, vor den Kopf zu stoßen als jemand, der gefürchtet wird, denn die Liebe wird bewahrt durch das Band der Verpflichtung, das auf Grund der Niedertracht der Männer bei jeder Gelegenheit zu ihrem Vorteil zerbrochen werden kann, aber die Furcht bewahrt sie durch die Furcht vor Strafe, die nie versagt.“
Nicolo Machiavelli, Der Prinz, ca. 1513 n. Chr.
Machiavellis Abhandlung ist am besten im Zusammenhang mit welcher der folgenden Zeiten zu verstehen?",C,C
marketing/test/80,"Diese Waren werden nur selten gekauft, wiederholt verwendet und bergen ein relativ hohes Verbraucherrisiko:",D,C
high_school_physics/test/123,"Wie lange bräuchte ein Auto, das aus dem Stand mit 5 m/s^2 gleichmäßig in einer geraden Linie beschleunigt, um eine Strecke von 200 m zurückzulegen?",A,B
high_school_psychology/test/292,Welcher Teil von Phineas Gages Gehirn wurde durch seinen Unfall beim Schienenlegen geschädigt?,D,B
world_religions/test/6,"Welchen Begriff verwendete Guru Nanak, um das „göttliche Wort“ als Teil der göttlichen Offenbarung zu bezeichnen?",A,A
professional_medicine/test/131,"Ein 37-jähriger Mann mit Diabetes mellitus Typ 1 wird in ein Krankenhaus eingewiesen, weil seine Blutzuckerwerte seit 2 Monaten nicht ausreichend kontrolliert sind. Trotz der beständig schlechten Werte will er entlassen werden. Er berichtet, dass er seit 3 Monaten unter Erschöpfung, Reizbarkeit und einem Gefühl der Hoffnungslosigkeit leidet. Er sagt, dass er sich nicht an seinen Arzneimittelplan für die Diabetes hält, weil er es „manchmal vergisst“. Er hat es vermieden, sich mit seiner Familie und Freunden zu treffen, weil ihm nicht danach ist, aber er gibt zu, dass er einsam ist. Er ist 2 Tage nicht aufgestanden, weswegen seine Frau einen Krankenwagen rief und ihn ins Krankenhaus einwies. Vor der Einweisung ins Krankenhaus nahm er nur Insulin ein, obwohl er oft Dosen vergisst. Er trinkt keinen Alkohol. Er ist 168 cm groß und wiegt 100 kg. Sein BMI liegt bei 36 kg/m2. Seine Temperatur liegt bei 37°C, Puls bei 68 Schlägen/min, Atemfrequenz bei 18/min und Blutdruck bei 150/85 mmHg. Bei der Untersuchung des Geisteszustands erscheint der Patient müde und emotional abgestumpt. Es gibt keine Hinweise auf Suizidgedanken. Im Nüchternzustand liegt die Glucosekonzentration im Serum bei 120 mg/dl. Welche Behandlungsmaßnahme sollte als nächstes eingeleitet werden?",A,C
high_school_geography/test/190,Welche der folgenden supranationalen Organisationen ist keine Wirtschaftsunion?,D,A
moral_disputes/test/199,Laut Aquin lautet das erste Gebot des Naturrechts,A,A
elementary_mathematics/test/107,"Betrachte das Zahlenmuster 5, 9, 13, 17, 21, 25, 29. Welche Regel könnte verwendet werden, um das Muster zu bilden?",C,C
miscellaneous/test/524,"Welche der Folgenden ist eine Bakterienart, die unter anaeroben Bedingungen in Lebensmittel ein Toxin bildet?",A,A
prehistory/test/130,Etwa 1900 Jahre vor unserer Zeit waren die zentralen Elemente der Maya-Kultur etabliert. Zu ihnen zählten NICHT:,C,A
elementary_mathematics/test/166,Schätze 153 + 44. Die Summe liegt zwischen welchen Zahlen?,A,A
college_physics/test/42,"Unter bestimmten Bedingungen wird ein Elektronenstrahl, der auf eine Kristalloberfläche auftrifft, gebeugt, und es kann ein Streumuster des Strahls erhalten werden. Wie groß ist die ungefähre kinetische Energie der Elektronen, die benötigt wird, um das Muster zu sehen? (Nehmen wir an, der Gitterabstand des Kristalls betrage 0,4 nm.)",C,A
astronomy/test/69,Ein Sandsack hat auf der Erde eine Masse von 5 kg und ein Gewicht von 50 N. Welche Masse und welches Gewicht hat dieser Sandsack auf einem Planeten mit der halben Schwerkraft im Vergleich zur Erde?,C,A
professional_psychology/test/204,Auf welchem Konditionierungskonzept beruhen „Time-out-Techniken“ zur Manipulation von Verhaltensweisen?,A,C
miscellaneous/test/212,Welche der folgenden Namen bezeichnet auch einen Golfkurs?,B,A
professional_medicine/test/222,"Eine 26-jährige Frau mit einer HIV-Injektion besucht die Praxis, weil sie seit 4 Tagen unter Schmerzen und einer Rötung des linken Unterschenkels leidet. Sie sagt, die Symptome begannen, als sie in ihrem Garten über einen Ast stolperte und sich am linken Bein eine Schramme zuzog. Sie nimmt aktuell ein antiretrovirales Medikament und bei Bedarf Ibuprofen ein. Ihre Vitalparameter sind: Temperatur 38,3°C, Puls 86 Schläge/min, Atemfrequenz 14/min und Blutdruck 138/70 mmHg. Ein 5x8-cm großer Bereich an der Vorderseite des linken Unterschenkels ist geschwollen, gerötet und druckempfindlich. In der Vergangenheit litt sie nach der Einnahme von Erythromycin unter Hautausschlag und hatte nach der Einnahme von Penicillin eine anaphylaktische Reaktion. Welches Antibiotikum sollte dieser Patientin verschrieben werden?",D,C
professional_psychology/test/406,Welche beiden Formen von Macht werden in Analysen der sozialen Macht in therapeutischen Beziehungen als besonders bedeutsam hervorgehoben?,B,B
college_medicine/test/11,"Eine beschriebene Menge von 2-Brombutan wird in eine starke Ethanollösung gegeben und die Reaktionszeit wird abgewartet. Das Ergebnis dieser Reaktion ist als Hauptprodukt 2-Buten und als Nebenprodukt 1-Buten. Welche der folgenden Beschreibungen der Ausgangsverbindung erklärt, warum 2-Buten das Hauptprodukt ist?",A,C
human_aging/test/128,"In diesem Kapitel von „Senior View“ sagte uns May Lee, dass wir alle unsere älteren Mitmenschen respektieren sollten, weil",B,B
professional_law/test/875,"Eine Stadtbewohnerin pendelte jeden Tag mit der U-Bahn zur Arbeit. Nachdem sie ihre Fahrkarte gekauft hatte, stieg sie in die U-Bahn ein, um in die Innenstadt zu ihrer Arbeitsstelle zu fahren. Auf der Suche nach einem Sitzplatz ging die Bewohnerin in Richtung des hinteren Teils des Wagens, als dieser abrupt zum Stehen kam. Infolge des plötzlichen Halts stürzte die Bewohnerin auf einen Pendler und verletzte ihn. Wenn der Pendler einen Anspruch gegen die U-Bahn-Gesellschaft geltend macht, um für seine Verletzungen entschädigt zu werden, wird der Pendler wahrscheinlich",C,C
nutrition/test/113,Welche Ernährungsstrategie verbessert die Leistung bei längeren Ausdauersportarten nicht?,C,B
moral_scenarios/test/156,"Bei welchem der beiden Szenarien handelt der Hauptcharakter (der „Ich“ / „mich“ / „mein“ verwendet) gemäß den Moralstandards der USA in 2020 auf eindeutig moralisch verwerfliche Art? Szenario 1 | Mir war langweilig, da grub ich ein Loch in meinem Hinterhof, um einen Keller zu bauen. Szenario 2 | Meine Arbeitszeit begann in Kürze, als ging ich zu einem Baseballspiel.",C,B
professional_law/test/330,"Der einzelstaatlichen Legislative wurde ein Gesetzesentwurf vorgelegt, der eine Neuorganisation der Polizei des Bundesstaates vorsah. Der Gesetzesentwurf löste sowohl innerhalb als auch außerhalb der einzelstaatlichen Regierung heftige Kontroversen aus. Mehrere führende Vertreter der Minderheitspartei in der Legislative beschlossen, sich dem Gesetz zu widersetzen. Ein Mitglied der Minderheitspartei war mit der ablehnenden Haltung seiner Partei nicht einverstanden und kündigte öffentlich seine Unterstützung für den Gesetzesentwurf an. Die Führer der Minderheitspartei beriefen eine Sitzung ein, um ihre legislative Strategie für die Debatte über den Gesetzesentwurf zu erörtern und festzulegen. Als das widersprechende Mitglied an der Tür des Sitzungsraums erschien, wurde ihm der Zutritt wegen seiner parteifeindlichen Haltung verweigert. Außerdem wurde ihm mitgeteilt, dass er von allen seinen Ausschussaufgaben entbunden würde. Während der Fraktionssitzung erörterten die Parteimitglieder andere Mittel, um das Mitglied für seinen Ungehorsam gegenüber der Partei zu bestrafen. Es wurde vorgeschlagen, eine Pressemitteilung herauszugeben, in der die Partei ihn öffentlich für sein Verhalten bestrafen würde. Der Parteivorsitzende sagte, dass „das Mitglied ein missgünstiger Politiker ist, der nur darauf achtet, woher er den nächsten Dollar bekommt“. Welche der folgenden verfassungsrechtlichen Bestimmungen wäre für das ausgeschlossene Mitglied der beste Grund, seinen Ausschluss aus dem Parteikreis anzufechten?",D,C
nutrition/test/93,Was versteht man in der Epidemiologie unter Risikopopulation?,B,D
sociology/test/82,Welche der folgenden Aussagen deckt sich mit den Ergebnissen der aktuellen Forschung im Bereich Geschlechterrollen und Arbeitsplatz?,D,D
high_school_statistics/test/148,"Eine Leseexpertin in einem großen öffentlichen Schulsystem ist der Meinung, dass die Schüler umso besser in der Schule abschneiden, je mehr Zeit diese mit Lesen verbringen. Sie plant ein Experiment an einer Mittelschule, bei dem einer Gruppe von 30 Achtklässler/innen vier zusätzliche Lesestunden pro Woche zugewiesen werden, einer Gruppe von 30 Siebtklässler/innen werden zwei zusätzliche Lesestunden pro Woche zugewiesen, und einer Gruppe von 30 Sechstklässler/innen, denen keine zusätzliche Lektüre zugewiesen wird, bildet eine Kontrollgruppe. Nach einem Schuljahr werden die Notendurchschnitte beider Gruppen verglichen. Ist dies ein guter experimenteller Ansatz?",D,B
marketing/test/7,"Ein Ungleichgewicht zwischen dem tatsächlichen und dem gewünschten Zustand eines Verbrauchers, bei dem erkannt wird, dass eine Lücke oder ein Problem gelöst werden muss:",A,A
security_studies/test/11,Welche der folgenden Optionen beschreibt am besten den „Orient“ laut Edward Said?,A,A
professional_law/test/817,"Zwei Autos fuhren innerhalb der zulässigen Höchstgeschwindigkeit, als sie sich einer Kreuzung näherten. An dieser Kreuzung gibt es keine Ampeln, Stoppschilder oder Warnhinweise. Beide Fahrzeuge fuhren gleichzeitig in die Kreuzung ein und stießen zusammen. Bei dem Unfall erlitt einer der Fahrer einen Beckenbruch und innere Verletzungen. Obwohl der Lkw des anderen Fahrers leicht beschädigt wurde, erlitt er keine körperlichen Verletzungen. Daraufhin verklagte die verletzte Fahrerin die Stadt wegen Fahrlässigkeit und behauptete, die Stadt habe es versäumt, an der Kreuzung, die ihrer Ansicht nach besonders gefährlich und stark befahren war, ausreichend zu warnen. In der Verhandlung legte der Anwalt der Stadt Beweise dafür vor, dass die Kreuzung seit 14 Jahren unverändert ist und sich in dieser Zeit keine weiteren Unfälle ereignet haben. Auf den Einwand des Anwalts der geschädigten Fahrerin hin sollte dieser Beweis",A,C
professional_law/test/583,"Ein Arzt war Eigentümer von 1.500 Acres unbebautem Waldland. Im September 1989 unterzeichnete der Arzt eine Grundstückübertragungsurkunde, mit der er das Waldgrundstück an einen Zahnarzt als unbeschränktes Eigentum übertrug. Der Zahnarzt trug die Urkunde sofort in das Verzeichnis der Anspruchsberechtigten (Grantor Grantee Index) ein. Im April 1990 übertrug der Zahnarzt dasselbe Grundstück durch eine Grundstücksübertragungsurkunde an einen Käufer als unbeschränktes Eigentum. Der Käufer zahlte den vollen Marktwert und trug die Urkunde sofort in das Verzeichnis der Anspruchsberechtigten (Grantor Grantee Index) ein. Das fragliche Grundstück war nie bewohnt, eingezäunt oder gerodet worden, außer dass zwischen 1986 und 2010 ein Bergbauunternehmen, das eine Meile vom Grundstück entfernt war, regelmäßig Lastwagen über einen gerodeten Weg fuhr, und zwar gemäß einer Vereinbarung mit dem Arzt von 1986. Die Vereinbarung, die ordnungsgemäß protokolliert wurde, sah vor, dass „die Parteien ausdrücklich vereinbaren und der Arzt verspricht, dass der Arzt und seine Nachfolger es unterlassen werden, den beschriebenen Weg über das Land des Arztes zu behindern, den das Bergbauunternehmen und seine Nachfolger dauerhaft als Straße nutzen können, wofür das Bergbauunternehmen und seine Nachfolger jährlich 700 USD zahlen werden.“ 1990, nach der Übertragung durch den Zahnarzt, teilte der Käufer der Bergbaugesellschaft mit, dass er die Vereinbarung von 1986, die der Bergbaugesellschaft die Nutzung des Weges gestattete, nicht mehr einhalten werde. Das Bergbauunternehmen erhob daraufhin eine Klage auf Erfüllung des Vertrages. Das Urteil sollte",A,B
miscellaneous/test/250,Wer ist ein Erzfeind des Cartoon-Superhelden Underdog,A,A
high_school_psychology/test/425,Die Fallstudie von der Hirnverletzung von Phineas Gage war aus welchem der folgenden Gründe signifikant?,B,B
professional_law/test/630,"Ein 15-jähriger Junge wurde bei einer Bandenschlägerei getötet. Zwei Tage nach seiner Beerdigung sah die Mutter des Jungen eine Fernsehsendung über Bandengewalt und war schockiert, als sie ein Video sah, in dem sie über der Leiche des Jungen weinte. Das Video war von dem Fernsehteam aufgenommen worden, während die Leiche des Jungen noch auf einer öffentlichen Straße lag. Die Mutter erlitt durch den Anblick des Videos schwere seelische Schäden. Wenn die Mutter den Fernsehsender wegen Verletzung ihrer Privatsphäre und der ihres Sohnes verklagt, hat sie dann Aussicht auf Erfolg?",B,C
moral_disputes/test/14,Welcher der folgenden Punkte ist ein Beispiel für eine wertbasierte Moraltheorie?,C,B
miscellaneous/test/232,In welcher in welchem Jahrzehnt wurde Israel ein unabhängiger Staat?,B,B
philosophy/test/270,"Mill behauptet, ein glückliches Leben sei eines voller:",C,C
high_school_statistics/test/115,"In der Geschworenenliste dieser Woche sind 30 Prozent der potenziellen Geschworenen Frauen. Ein bestimmter Prozess erfordert es, dass in einer Gruppe von 12 Geschworenen mindestens drei Frauen sind. Wenn eine Gruppe aus 12 Geschworenen zufällig aus der Liste ausgewählt wird, wie hoch ist die Wahrscheinlichkeit, dass dies die Anforderungen dieses Prozesses erfüllt?",D,A
high_school_macroeconomics/test/67,"Was geschieht auf dem Geldmarkt, wenn die Geldmenge steigt (unter der Annahme, dass die Geldnachfrage abwärts gerichtet ist)?",B,D
machine_learning/test/57,Aussage 1| L2-Regularisierung von linearen Modellen macht die Modelle tendenziell spärlicher als L1-Regularisierung. Aussage 2| Residuale Verbindungen können in ResNets und Transformern ermittelt werden.,D,B
sociology/test/37,Der Begriff „sekundäre Abweichung“ bezieht sich auf:,D,B
moral_scenarios/test/850,"Bei welchem der beiden Szenarien handelt der Hauptcharakter (der „Ich“ / „mich“ / „mein“ verwendet) gemäß den Moralstandards der USA in 2020 auf eindeutig moralisch verwerfliche Art? Szenario 1 | Ich versuchte, Fentanyl in die Limonade zu geben. Szenario 2 | Als mir mein Sohn sagte, dass er schwul sei, lehnte ich ihn ab.",A,A
philosophy/test/18,Was dachte Clarence Darrow über den Sinn des Lebens?,A,B
high_school_european_history/test/38,"Diese Frage bezieht sich auf die folgenden Informationen:
Lesen Sie den folgenden Auszug:
Niemals wurden Talente mit der höchsten Genialität von der erhabensten Art; niemals wurde ein menschliches Wesen reicher beschenkt. Die Genialität von Napoleon ist erstaunlich. Sein gewaltiger Verstand schien sich mit allen Zweigen des menschlichen Wissen gleichermaßen auszukennen. Seine Gespräche auf St. Helena, die auf die zahlreichen und umfangreichen Gedenkstätten derjenigen, die sie gesammelt haben, verstreut sind, sind voll des intensivsten Interesses. Während der langen Qual seiner Inhaftierung und seines Todes hat er vollkommen frei über die Ereignisse seiner erstaunlichen Karriere und all diese Themen oder die Moral, Politik und Religion gesprochen, die für das Wohlergehen unserer Rasse von größtem Interesse sind. Es gibt keinen Verstand, der nicht durch die Vertrautheit mit diesen tiefgründigen Gedanken belebt wird, die mit so viel Glühen des Gefühls und Energie der Diktion ausgedrückt werden.
—John S. C. Abbott, Historiker, Napoleon auf St. Helena, 1855
Von welchem der folgenden Merkmale des französischen Reichs unter Napoleon scheint Abbott am meisten beeindruckt zu sein?",B,A
college_medicine/test/146,Der ATP-Speicher in den Muskeln kann bei hochintensiven Übungen nur für folgende Zeiträume Energie liefern:,B,B
professional_psychology/test/151,"Sozialer Einfluss macht sich bemerkbar, wenn Einstellungen, Gedanken, Gefühle oder Verhaltensweisen einer Person durch die Überzeugungskraft anderer Personen verändert werden. Es gibt viele verschiedene Reaktionen darauf. Welche Art von sozialem Einfluss ist als Milgram-Effekt bekannt?",B,A
moral_scenarios/test/588,"Bei welchem der beiden Szenarien handelt der Hauptcharakter (der „Ich“ / „mich“ / „mein“ verwendet) gemäß den Moralstandards der USA in 2020 auf eindeutig moralisch verwerfliche Art? Szenario 1 | Nachdem ich gehört hatte, dass ihr Sohn gefangen genommen worden war, sagte ich ihr, sie solle sich keine Sorgen machen, da die Behörden unterwegs seien und die Angelegenheit klären würden. Szenario 2 | Ich gab scharfe Soße in das Abendessen meines Freundes.",D,B
college_computer_science/test/87,"Ein Programm zur Rechtschreibprüfung funktioniert folgendermaßen. Es wurde eine Hash-Tabelle definiert, in der jeder Eintrag eine boolesche Variable ist, die auf falsch initialisiert ist. Auf jedes Wort im Wörterbuch wurde eine Hash-Funktion angewendet und der entsprechende Eintrag in der Hash-Tabelle auf wahr gesetzt. Um die Rechtschreibung in einem Dokument zu überprüfen, wird die Hash-Funktion auf jedes Wort im Dokument angewandt und der entsprechende Eintrag in der Hash-Tabelle untersucht. Welche der folgenden Aussagen ist (sind) wahr?
I. wahr bedeutet, dass das Wort im Wörterbuch vorhanden war.
II. falsch bedeutet, dass das Wort nicht im Wörterbuch vorhanden war.
III. Die Größe der Hash-Tabelle sollte mit der Größe des Dokuments zunehmen.",B,A
conceptual_physics/test/19,Polarisation ist eine Eigenschaft von,A,C
high_school_us_history/test/48,"Diese Frage bezieht sich auf die folgenden Informationen:
„Die eine Hälfte der Menschen dieser Nation ist heute vollkommen machtlos, und kann ein ungerechtes Gesetz nicht aus den Gesetzbüchern löschen oder dort ein neues und gerechtes Gesetz hineinschreiben. Die Frauen sind unzufrieden mit dieser Form der Regierung, die ihnen eine Besteuerung aufzwingt, ohne dass sie eine Vertretung haben; die sie zwingt, Gesetze zu befolgen, zu denen sie nie ihr Einverständnis gegeben haben; die sie ins Gefängnis wirft und hängt ohne ein Gerichtsverfahren mit Geschworenen aus ihnen Gleichgestellten; die sie bei einer Heirat der Verfügungsgewalt über ihre eigene Person, ihrer Einkünfte und ihrer Kinder beraubt;—diese Hälfte des Volkes ist vollständig der Gnade der anderen Hälfte ausgesetzt, und dass verstößt direkt gegen den Geist und den Wortlaut der Erklärungen der Gestalter dieser Regierung, von der jede auf Grundlage des unveränderlichen Prinzips der gleichen Rechte für alle entstanden ist.“
—Susan B. Anthony, ""Ich stehe vor Ihnen und klage an"" (Rede), 1873
Welches der folgenden Gesetze war NICHT bestimmt, die Regierung zu ermächtigen, den wachsenden Reichtum und die Macht der Industriellen im späten neunzehnten und im frühen zwanzigsten Jahrhundert zu regulieren?",D,A
prehistory/test/202,Was implizieren Objekte zum Schmücken der eigenen Person während des Jungpaläolithikums laut Randall White?,C,C
public_relations/test/8,In welchem Stadium des Planungsprozesses werden die Ziele festgelegt?,B,A
professional_law/test/208,"Ein Bundesgesetz dehnt die bundesstaatlichen Mindestlohnvorschriften auf alle chemischen Reinigungsbetriebe aus. Das Gesetz enthält ausdrückliche Erkenntnisse darüber, dass die Löhne der Beschäftigten in der chemischen Reinigung zusammengenommen einen erheblichen Einfluss auf die nationale Wirtschaft und den Fluss von Waren und Dienstleistungen im zwischenstaatlichen Handel haben. Diese Erkenntnisse werden durch Informationen gestützt, die dem Kongress während der Anhörungen des Ausschusses zu dem Gesetz vorgelegt wurden. Eine kleine chemische Reinigung ist ausschließlich in einer Gemeinde im Zentrum eines geografisch großen Staates tätig. Sie hat keine Kunden von außerhalb des Staates. Sie beschäftigt drei Arbeitnehmer, von denen jeder weniger als den staatlichen Mindestlohn erhält. Muss diese chemische Reinigung das Gesetz einhalten, das allen chemischen Reinigungsbetrieben den bundesweiten Mindestlohn vorschreibt?",D,A
world_religions/test/60,Welche Göttin wird während des Divali-Festes verehrt?,B,A
high_school_macroeconomics/test/201,Welches der Folgenden ist ein vorhersehbarer Vorteil einer expansiven Geldpolitik in einer Rezession?,B,B
global_facts/test/64,"Bedenken Sie die folgenden Aussagen: (1) In jedem Land denken die Menschen, dass andere Menschen in ihrem Land weniger glücklich sind, als sie es tatsächlich sind. (2) In den Vereinigten Staaten ist das Glück der Frauen sowohl absolut als auch relativ zu den Männern gestiegen. Welche dieser Aussagen ist richtig/falsch?",B,B
professional_psychology/test/575,Was ist eines der Hauptmerkmale bei der Differenzialdiagnostik zwischen Bulimia nervosa und Anorexia nervosa?,B,B
moral_scenarios/test/768,"Bei welchem der beiden Szenarien handelt der Hauptcharakter (der „Ich“ / „mich“ / „mein“ verwendet) gemäß den Moralstandards der USA in 2020 auf eindeutig moralisch verwerfliche Art? Szenario 1 | Ich ging zum Bauernhof, um die Hühner zu sehen. Szenario 2 | Ich zeigte meinen Kindern Zeichentrickfilme.",D,B
human_sexuality/test/117,"Sie wurden gebeten, eine Stellungnahme zu LeVays Forschungsarbeit über die Unterschiede im Gehirn von Heterosexuellen und Homosexuellen zu verfassen. Was sind plausible Kritikpunkte an LeVays Arbeit?",D,D
elementary_mathematics/test/302,"Der Preis für eine Aktie des Unternehmens XYZ betrug zu Beginn der Woche 24,75 $. In den folgenden fünf Tagen gewann die Aktie am Montag 2,50 $, verlor am Dienstag 3,25 $, verlor am Mittwoch 0,75 $, gewann am Donnerstag 1,25 $ und gewann am Freitag 4,75 $. Wie hoch war der Kurs der Aktie am Ende des Freitags?",C,C
moral_scenarios/test/457,"Bei welchem der beiden Szenarien handelt der Hauptcharakter (der „Ich“ / „mich“ / „mein“ verwendet) gemäß den Moralstandards der USA in 2020 auf eindeutig moralisch verwerfliche Art? Szenario 1 | Es gab nirgendwo eine Toilette, daher frage ich den Wachmann nach einer öffentlichen. Szenario 2 | Ich gab scharfe Soße in den Geburtstagskuchen meines Freundes.",C,B
professional_law/test/174,"Eine Frau, die glaubte, schwanger zu sein, suchte einen Arzt, einen zugelassenen Gynäkologen, auf, weil sie einen Schwangerschaftsabbruch vornehmen lassen wollte. Der Arzt untersuchte sie und stellte fest, dass sie nicht schwanger war, beschloss aber, ihr zu sagen, dass sie es war, um sein Honorar von 500 Dollar zu verdienen. Nachdem er die 500 Dollar erhalten hatte, wies der Arzt die Frau in ein Krankenhaus ein und teilte den Krankenhausbehörden fälschlicherweise mit, dass sie einen gutartigen Tumor an der Gebärmutter habe, den er entfernen wolle. Er führte alle für einen Schwangerschaftsabbruch erforderlichen chirurgischen Eingriffe unter angemessenen hygienischen Bedingungen durch, doch die Frau begann zu bluten und starb. Der Arzt sollte für schuldig befunden werden wegen",B,B
philosophy/test/40,Mill definiert „Nutzen“ als:,C,B
high_school_physics/test/122,"Ein Mann steht in einem Aufzug, als dieser sich nach oben zu bewegen beginnt. Wirkt die Normalkraft aus dem Boden auf den Mann ein?",A,A
high_school_psychology/test/136,"Die Fähigkeit eines Musikers oder einer Musikerin, zwei sehr ähnliche Tonhöhen unterscheiden zu können, hängt von welchem der folgenden Konzepte ab?",D,D
high_school_macroeconomics/test/69,"Der Steuermultiplikator nimmt zu, wenn",C,A
marketing/test/50,"Welche der folgenden Strategien ist am besten geeignet, wenn Sie ein neues und einzigartiges Produkt auf den Markt bringen?",A,A
business_ethics/test/89,"_________ sind individuelle Überzeugungen über wünschenswerte Verhaltensweisen und Ziele, die im Laufe der Zeit stabil sind und die Entscheidungsfindung beeinflussen.",B,B
high_school_statistics/test/190,"Um die durchschnittliche Anzahl an Kindern zu bestimmen, die in Einfamilienhaushalten leben, wählt ein Forschender eine einfache Zufallsstichprobe von 50 solcher Haushalte aus. Jedoch ist der Interviewer nach einem Nachverfolgungsbesuch nicht in der Lage, in 8 dieser Haushalte mit irgendjemandem Kontakt aufzunehmen. Da er sich Sorgen über den Nichtantwort-Bias macht, wählt der Forschende eine weitere einfache Zufallsstichprobe aus und weist den Interviewer an, es so lange zu versuchen, bis es gelingt, zu irgendjemandem in insgesamt 50 Haushalten Kontakt herzustellen. Die durchschnittliche Anzahl der Kinder wird mit 1,73 bestimmt. Ist diese Schätzung wahrscheinlich zu niedrig oder zu hoch?",C,A
high_school_biology/test/47,"Welche Aussage beschreibt am besten, warum Menschen Stärke, aber nicht Zellulose verdauen können, obwohl beide Moleküle aus Glukose-Monomeren bestehen?",A,A
elementary_mathematics/test/101,Bestimme eine Lösung für die Gleichung 5 • x – 5 = -10 anhand der gegebenen Zahlen.,A,D
logical_fallacies/test/89,Die Anwendung irrelevanter Standards auf den Gegenstand des Arguments ist folgender Trugschluss,C,C
college_physics/test/44,"Blaues Licht mit einer Wellenlänge von 480 Nanometern wird von einem dünnen Ölfilm auf einem Objektträger am stärksten reflektiert, wenn man ihn bei senkrechtem Einfall betrachtet. Unter der Annahme, dass der Brechungsindex des Öls 1,2 und der des Glases 1,6 ist, was ist die minimale Dicke des Ölfilms (abgesehen von Null)?",B,A
professional_law/test/1142,"Eine Industriestadt mit 100.000 Einwohnern befindet sich auf der Nordseite eines Flusses. Auf der Südseite des Flusses befindet sich eine ländliche Gemeinde mit 40.000 Einwohnern. Seit vielen Jahren drängen verschiedene Bürgerinitiativen darauf, dass beide Gemeinden zu einer Stadt mit einer einzigen Verwaltung fusionieren. Unabhängige Studien haben gezeigt, dass ein solcher Zusammenschluss zu enormen Steuereinsparungen für die Einwohner beider Gemeinden führen würde, da die doppelte Erbringung von Dienstleistungen entfiele. Bei einer früheren Gelegenheit gelang es den Befürwortern des Fusionsplans, den Vorschlag als Wahlreferendum in jeder Gemeinde durchzusetzen. Obwohl das Fusionsreferendum in der Industriestadt mit großer Mehrheit angenommen wurde, lehnten die Wähler der ländlichen Gemeinde die Maßnahme ab, da sie befürchteten, dass die gemeinsame Verwaltung von der größeren Vertretung des Nachbarn dominiert und kontrolliert werden würde. Um die Bedenken der Wähler der ländlichen Gemeinde hinsichtlich einer Unterrepräsentation in einem fusionierten Regierungssystem zu zerstreuen, setzten die jeweiligen Stadträte beider Gemeinden einen Lenkungsausschuss ein, der einen neuen Vorschlag ausarbeiten sollte. Dementsprechend erarbeitete der Lenkungsausschuss ein Fusionsmodell, bei dem der Stadtrat der vereinigten Stadt aus acht Mitgliedern bestehen würde. Im Rahmen des vorgeschlagenen neuen Regierungssystems würde jede ehemalige Gemeinde in vier Bezirke unterteilt werden. In der Industriestadt würde jeder Bezirk 25.000 Einwohner umfassen und jeweils ein gewähltes Stadtratsmitglied haben. Ebenso würde die ländliche Gemeinde in vier Wahlbezirke mit jeweils 10.000 Einwohnern unterteilt werden. Aus jedem dieser Bezirke würde ebenfalls ein Stadtratsmitglied gewählt werden. Der Bürgermeister würde von allen Einwohnern der neu geschaffenen acht Bezirke in einer Volksabstimmung gewählt werden. Bevor dieser Fusionsvorschlag auf den Stimmzettel gesetzt wurde, gab die Generalstaatsanwältin eine beratende Stellungnahme ab, in der sie feststellte, dass die Maßnahme ihrer Meinung nach nicht gegen gesetzliche oder verfassungsrechtliche Bestimmungen verstößt. Daraufhin wurde der Vorschlag auf den Stimmzettel gesetzt und von den Wählern in beiden Gemeinden mit überwältigender Mehrheit angenommen. Nach der Wahl, aber noch bevor der Zusammenschluss offiziell vollzogen war, erhoben zwei Steuerzahler aus der Industriestadt Klage gegen die Vereinigung, wobei sie die Verfassungsmäßigkeit der unverhältnismäßig großen repräsentativen Bezirke angriffen. Welches der folgenden Argumente ist das stärkste verfassungsrechtliche Argument der Kläger zur Unterstützung ihrer Klage?",A,C
logical_fallacies/test/51,Welche der folgenden Aussagen beschreibt den Trugschluss des Appells an die Popularität?,B,C
medical_genetics/test/87,"Mutationen, die Achondroplasie verursachen, haben eine Wirkung, die als solche klassifiziert werden kann:",B,C
high_school_microeconomics/test/3,"Man sagt Ihnen, dass die Kreuzpreiselastizität zwischen den Waren X und Y +2,0 beträgt. Das bedeutet Folgendes:",D,C
professional_medicine/test/263,"Ein 15-jähriger Junge wird von seiner Mutter in die Praxis gebracht, weil er seit 3 Monaten sehr müde und gereizt ist. Er ist in der 10. Klasse und im Leichtathletikteam. Er gibt an, dass seine Symptome kurz nach Beginn der Trainingssaison im Frühjahr begannen. Er trainiert fünfmal die Woche Sprints und läuft mehrere Kilometer mehrmals in der Woche und trainiert seine Beine mit Gewichten. Er gibt zu, dass er müde ist und sagt, dass sein Training intensiver geworden ist und dass er sich darum sorgt, nicht gut genug zu sein, um weiter mit seinem Team trainieren zu können. Seine Essgewohnheiten haben sich nicht geändert. Die Vorgeschichte ist unauffällig und er nimmt keine Medikamente. Sie kennen den Patienten seit 3 Jahren. Er erscheint verstimmter zu sein als bei anderen Besuchen. Sie bitten seine Mutter, das Behandlungszimmer für die körperliche Untersuchung zu verlassen. Nachdem die Mutter das Zimmer verlassen hat, gibt er zu, dass er sich um einige Knoten in seinem Lendenbereich sorgen. Nach welchen Dingen sollten Sie den Patienten jetzt fragen?",D,A
college_chemistry/test/79,Welche der folgenden Substanzen wird als konjugiertes Säure-Basen-Paar eingestuft?,B,A
us_foreign_policy/test/63,"Welcher Faktor muss laut Meinung von Rosenau unbedingt berücksichtigt werden, um das außenpolitische Verhalten der USA zu erklären?",D,B
jurisprudence/test/49,"Was meint Dworkin, wenn er von einem semantischen Trick spricht?",D,B
professional_psychology/test/259,"Wenn Sie mit einem Kollegen über eine „festgefahrene Situation“ sprechen, in der Sie mit einem Klienten in der Therapie stecken …",D,C
college_medicine/test/64,"Wenn die durchschnittliche Sauerstoffverbrauchsrate eines männlichen Sportlers während einer Trainingseinheit 2 l/Min beträgt, dann liegt sein Energieverbrauch bei etwa:",D,A
professional_medicine/test/261,"Ein 25-jähriger Mann wird in die Notaufnahme gebracht, nachdem er halb bewusstlos und inkphärent zuhause angefunden wurde. Als er in der Notaufnahme ankommt, ist er stumpfsinnig. Sein Blutdruck liegt bei 105/70 mmHg, der Puls beträgt 80 Schläge/min und die Atemfrequenz liegt bei 12/min. Bei der Untersuchung erscheint die Haut kalt und feucht. Es werden Nadelpupillen und eine langsame Reaktion auf Licht bemerkt. Welche Substanz hat er wahrscheinlich zu sich genommen?",D,B
us_foreign_policy/test/9,In der US-amerikanischen Regierung verbleibt die Befugnis zur Kriegserklärung,D,A
moral_disputes/test/100,Welches der Folgenden ist ein Beispiel für ein charakterliches Laster?,D,A
professional_law/test/534,"Am 1. September schickte ein Hersteller von tragbaren Trinkbrunnen einem Einzelhändler für Trinkbrunnen ein unterschriebenes Angebot, in dem es hieß: „Habe 200 Trinkbrunnen zu je 100 USD für die Lieferung im Oktober verfügbar. Bitte beachten Sie, dass dieses Angebot bis zum 1. Oktober gültig ist.“ Am 30. September schickte der Einzelhändler das folgende Schreiben, das am 1. Oktober beim Hersteller einging: „Ihr Angebot wird hiermit angenommen, aber wir bitten um Lieferung von 100 Trinkbrunnen im Oktober und 100 im November.“ Am 29. September schickte der Hersteller dem Einzelhändler jedoch ein Fax, in dem er sein Angebot widerrief, das am selben Tag einging. Dieser Widerruf ist",D,A
nutrition/test/1,"Unter welchem der folgenden Umstände steigt die Prävalenz einer Erkrankung in der Bevölkerung, wenn alle anderen Faktoren konstant bleiben?",B,D
professional_accounting/test/34,"Long war ein Einkäufer für den Einzelunternehmer Frost. Long war ausdrücklich dazu bevollmächtigt, bei Frosts Lieferanten Bestellungen aufzugeben. Long ging seiner Geschäftstätigkeit im Internet nach und hatte nur wenig Kontakt mit Frost. Nachdem Frost in einem Gerichtsverfahren für geschäftsunfähig erklärt worden war, gab Long im Namen von Frost eine Bestellung bei der Grant GmbH auf. Weder Long noch Grant wussten von Frosts Geschäftsunfähigkeit. Kann Frost oder Frosts gesetzlicher Vertreter von Grant haftbar gemacht werden?",D,A
international_law/test/19,Welche der folgenden Aussagen ist falsch?,D,A
college_biology/test/42,Welche der folgenden Möglichkeiten würde die Diffusionsgeschwindigkeit eines Gases zwischen den Alveolen der Lunge und dem Blut in einer Lungenkapillare erhöhen?,C,C
human_sexuality/test/41,An welchem Tag eines typischen 28-tägigen Menstruationszyklus hat eine Frau wahrscheinlich ihren Eisprung?,C,D: 22.0
professional_accounting/test/155,"Die Lagerumschlagshäufigkeit (IT) eines Unternehmens beträgt das 5-fache bei Herstellungskosten (cost of goods sold, COGS) von 800.000 $. Wenn die IT auf das 8-fache erhöht wird, während die Herstellungskosten gleich bleiben, wird ein beträchtlicher Betrag an Mitteln aus dem Lagerbestand freigesetzt oder zusätzlich in diesen investiert. Tatsächlich werden",D,B
electrical_engineering/test/105,"Die niedrigste kritische Frequenz liegt bei Null und kann am Ursprung oder in der Nähe des Ursprungs liegen, dann ist die Art des Netzes",D,A
professional_law/test/1205,"Eine Mutter brachte ihr fünfjähriges Kind zur Behandlung in die Notaufnahme eines Krankenhauses. Ein Arzt des Krankenhauses belästigte das Kind, während er es behandelte. Zu diesem Zeitpunkt befand sich außer dem Arzt und dem Kind niemand im Behandlungsraum; die Mutter hatte den Raum verlassen, um sich eine Tasse Kaffee zu holen. Als das Kind zwei Wochen später seiner Mutter erzählte, was sich im Behandlungsraum zugetragen hatte, erlitt die Mutter eine schwere seelische Belastung, die sie körperlich krank werden ließ. Hat die Mutter bei einer Klage gegen den Arzt in ihrem eigenen Namen wegen vorsätzlicher Zufügung von seelischem Leid Aussicht auf Erfolg?",B,A
moral_scenarios/test/154,"Bei welchem der beiden Szenarien handelt der Hauptcharakter (der „Ich“ / „mich“ / „mein“ verwendet) gemäß den Moralstandards der USA in 2020 auf eindeutig moralisch verwerfliche Art? Szenario 1 | Meine Mutter bat mich, das Bad gründlich zu reinigen, also habe ich Bleiche verwendet. Szenario 2 | Ich trug mein Clownskostüm, um die Toten zu ehren.",C,B
anatomy/test/79,Welche der beiden folgenden Strukturen wird durch den Neurotransmitter Noradrenalin miteinander verbunden?,D,B
high_school_psychology/test/477,"Während eines Museumsbesuch sehen Sie sich eine Statue genau an, indem sie um sie herum laufen und sie von vielen Plätzen im Raum aus untersuchen. Die Netzhautbilder der Statue ändern sich, jedoch bemerken Sie diese Änderungen nicht aufgrund",C,B
high_school_psychology/test/532,Was trifft beim Menschen auf die Stäbchen im Gegensatz zu den Zapfen zu?,D,B
management/test/48,Was sind die Merkmale einer programmierten Entscheidung?,D,B
philosophy/test/191,"Hobbes behauptet, alle Naturgesetze können in folgendem Grundsatz zusammengefasst werden:",C,B
professional_law/test/1051,"Der Kongress hat kürzlich ein Gesetz erlassen, das alle Männer zwischen 18 und 30 Jahren verpflichtet, sich jedes Jahr einer ärztlichen Untersuchung zu unterziehen. Die Ergebnisse dieser Untersuchung werden an ein staatliches Dateninformationszentrum weitergeleitet, um Informationen über Männer zu erhalten, die zum Militär eingezogen werden könnten. Ein 25-jähriger Absolvent der juristischen Fakultät hat Herpes. Er hat in letzter Zeit Bewerbungen an viele staatliche Behörden geschickt. Da er befürchtet, dass die Informationen über seine Herpeserkrankung bekannt werden, beantragt er ein Feststellungsurteil, das es der Regierung verbieten würde, von ihm eine ärztliche Untersuchung zu verlangen. Welche der folgenden Aussagen ist die beste verfassungsrechtliche Grundlage für das Bundesgesetz?",C,D
college_biology/test/92,"Das Hardy-Weinberg-Gleichgewicht geht im Allgemeinen von allen folgenden Annahmen aus, MIT AUSNAHME",B,B
astronomy/test/68,Die Nebeltheorie zur Entstehung des Sonnensystems sagt alle bis auf eine der folgenden Möglichkeiten erfolgreich voraus. Welche Vorhersage trifft die Theorie nicht?,B,A
college_biology/test/59,"Welche der folgenden biologischen Eigenschaften würde es einer Art am ehesten ermöglichen, sich kosmopolitisch zu verbreiten?",D,D
high_school_mathematics/test/91,"Ist $f(x)=3x+4$ und $g(x)=2x-3$. Wenn $h(x)=f(g(x))$, was ist dann die Inverse von $h(x)$?",C,A
moral_scenarios/test/351,"Bei welchem der beiden Szenarien handelt der Hauptcharakter (der „Ich“ / „mich“ / „mein“ verwendet) gemäß den Moralstandards der USA in 2020 auf eindeutig moralisch verwerfliche Art? Szenario 1 | Ich mag es, meine Katze aufs Bett zu schmeißen. Szenario 2 | Ich verabreichte dem Tier zwanzig Schmerztabletten, da ich sah, dass es Schmerzen hatte.",C,A
professional_accounting/test/207,"Ein Prüfer kann für einen Kunden eines Emittenten die folgenden prüfungsfremden Leistungen erbringen, ohne die Unabhängigkeit zu beeinträchtigen und ohne die vorherige Genehmigung des Prüfungsausschusses einzuholen, mit Ausnahme der folgenden Leistungen:",C,A
marketing/test/89,Welche der folgenden Angaben ist keine nützliche Grundlage für die Segmentierung von Unternehmensmerkmalen?,A,B
clinical_knowledge/test/137,Welche dieser Ursachen führt am ehesten zu einer Abweichung der Luftröhre?,C,D
prehistory/test/206,Die Minoer bewohnten die _______________ Insel Kreta.,A,A
philosophy/test/227,"Anselm nimmt an, dass ein Wesen, das in der Realität existiert, größer sei als ein Wesen, das __________.",C,C
professional_law/test/327,"Die Eheleute übertrugen ihrer Nichte einen Teil ihres geerbten Familienbetriebs gegen Entgelt, jedoch deutlich unter dem Marktwert. Sie behielten sich jedoch eine Rückübertragung auf sich selbst vor, und zwar wie folgt: „VORBEHALT zugunsten der Übertragenden, ihrer Erben und Rechtsnachfolger, ein automatischer Rückfall, sollte das hier übertragene Eigentum jemals zu Lebzeiten eines der Übertragenden verpfändet oder belastet werden.“ Nach dem Tod des Ehemanns hat die Nichte das Grundstück mit einer Hypothek belastet. Kann die überlebende Ehefrau den automatischen Rückfall geltend machen und das Eigentum wieder auf sich selbst übertragen?",D,C
professional_law/test/554,"In einem schriftlichen Vertrag verpflichtete sich ein Verkäufer, einem Käufer 1.000 Widgets zu einem vereinbarten Preis von 10 USD pro Stück, FOB am Geschäftssitz des Verkäufers, zu liefern. Der Vertrag sah vor, dass „jede Partei, die diesen Vertrag abtreten möchte, die schriftliche Zustimmung der anderen Partei haben muss.“ Am 1. März verfrachtete der Verkäufer die Widgets an Bord eines Frachtschiffes, das die Widgets zum Käufer transportieren sollte. Am 2. März erhielt der Käufer folgendes Telegramm vom Verkäufer: „Bitte beachten Sie, dass sich die Widgets auf dem Transportweg befinden. Außerdem trete ich hiermit alle meine Rechte aus unserem Vertrag an unseren Gläubiger ab.“ Der Käufer hat der Abtretung nicht zugestimmt. Am nächsten Tag sank das Schiff mit den Widgets in einem heftigen Sturm mit der gesamten Ladung. Wenn der Gläubiger eine entsprechende Klage gegen den Käufer erhebt, wird der Gläubiger höchstwahrscheinlich",C,A
high_school_us_history/test/41,"Diese Frage bezieht sich auf die folgenden Informationen:
„Das Gewissen des Volks in einer Zeit schwerwiegender nationaler Probleme, hat die Entstehung einer Partei bewirkt, die aus dem nationalen Sinn für Gerechtigkeit entstanden ist. Wir von der Fortschrittspartei widmen uns hier der Erfüllung der Pflicht, die uns von unseren Vätern auferlegt worden ist, die Regierung des Volkes, durch das Volk und für das Volk aufrechtzuerhalten, dessen Fundament sie gelegt haben. Wir sind derselben Meinung wie Thomas Jefferson und Abraham Lincoln, dass die Menschen Meister ihrer Verfassung sind, ihre Ziele zu erfüllen und die Verfassung zu schützen gegen diejenigen, die ihre Absicht verdrehen und sie in ein Instrument der Ungerechtigkeit konvertieren würden. Im Einklang mit den Bedürfnissen jeder Generation, muss das Volk seine Hoheitsgewalt einsetzen, um die Chancengleichheit und die industrielle Gerechtigkeit zu etablieren und aufrechtzuerhalten, um die Werte, mit denen diese Regierung gegründet wurde und ohne die keine Republik überdauern kann, zu sichern.
„Dieses Land gehört den Menschen, die es bewohnen. Seine Ressourcen, Geschäfte, Institutionen und Gesetze sollten in welcher Weise auch immer genutzt, aufrechterhalten oder geändert werden im besten Interesse der Allgemeinheit. Es ist Zeit, das öffentliche Wohl an erste Stelle zu setzen.“
Plattform der Fortschrittspartei, 1912
Welche der folgenden Politiken war KEINES der Hauptziele der Progressiven Amerikas?",D,B
philosophy/test/41,"Laut Kant wäre es falsch, ein Lügenversprechen zu geben, da ______.",C,A
moral_scenarios/test/341,"Bei welchem der beiden Szenarien handelt der Hauptcharakter (der „Ich“ / „mich“ / „mein“ verwendet) gemäß den Moralstandards der USA in 2020 auf eindeutig moralisch verwerfliche Art? Szenario 1 | Meine Freundin hat mir in letzter Zeit oft ihr Auto geliehen, deshalb tanke ich es auf, ohne ihr etwas zu sagen. Szenario 2 | Ich habe Kopfläuse, deshalb leihe ich meiner Schwester meine Bürste.",C,B
high_school_microeconomics/test/47,Ein wettbewerbsfähiger Arbeitsmarkt befindet sich derzeit im Gleichgewicht. Welche der folgenden Maßnahmen erhöht am ehesten den Marktlohn?,B,A
high_school_government_and_politics/test/100,Welches der folgenden Verfahren beschreibt am besten die Praxis des „Stimmensplittings“?,B,D
high_school_chemistry/test/72,Eine Sauerstoffgasprobe mit einer Temperatur von 50 °C wird erhitzt und erreicht eine Endtemperatur von 100 °C. Welche Aussage beschreibt das Verhalten der Gasmoleküle am besten?,D,C
human_aging/test/213,"Der Abbau der Magenschleimhaut kann zu Symptomen führen, die welcher Störung ähneln?",B,B
moral_scenarios/test/549,"Bei welchem der beiden Szenarien handelt der Hauptcharakter (der „Ich“ / „mich“ / „mein“ verwendet) gemäß den Moralstandards der USA in 2020 auf eindeutig moralisch verwerfliche Art? Szenario 1 | Ich habe mich am Nudistenstrand pudelfasernackt ausgezogen. Szenario 2 | Ich möchte nicht, dass mein Kind gehänselt wird, daher lasse ich seine Ohren korrigieren.",D,C
high_school_biology/test/156,"Die ersten einfachen Zellen entwickelten sich vor circa 3,5 Milliarden Jahren, die ersten komplezeren eukaryotischen Zellen vor 2,1 Milliarden Jahren. Welche der folgenden Aussagen sind richtig?",A,A
college_computer_science/test/32,"Bob schreibt eine Zahl zwischen 1 und 1.000 auf. Mary muss diese Zahl herausfinden, indem sie Bob „Ja/Nein“-Fragen stellt. Maria weiß, dass Bob immer die Wahrheit sagt. Wenn Mary eine optimale Strategie anwendet, wird sie im schlimmsten Fall die Antwort am Ende von genau wie vielen Fragen bestimmen?",D,A
high_school_macroeconomics/test/329,Stagflation ist das Ergebnis,A,C
professional_medicine/test/158,"Ein 78-jähriger Mann besucht die Praxis, weil er unter starken Nackenschmerzen leidet. Er gibt an, dass die Schmerzen auf einer Skala von 0 bis 10 einen Wert von 7 erreichen. Er sagt, dass es kein traumatisches Ereignis gab, aber dass er in der letzten Wochen viel gemalert hat. Er sagt, dass er weder unter radikulären Schmerzen noch Taubheitsgefühl leidet. Der Bewegungsumfang der Halswirbelsäule ist in allen Bewegungsfeldern moderat eingeschränkt. Er wird mit einer Adjustierung behandelt. Nach vier Stunden erhält der Arzt einen Anruf von der örtlichen Notaufnahme, um ihm mitzuteilen, dass der Patient sich in einem verwirrten Zustand mit Übelkeit und Schwindel vorgestellt hat. Wann ist der Arzt haftbar?",C,B
high_school_computer_science/test/11,"In der Vergangenheit wurde beobachtet, dass sich die Verarbeitungsgeschwindigkeit von Computern in der Regel alle zwei Jahre verdoppelt. Welche der folgenden Aussagen beschreibt am besten, wie Technologieunternehmen diese Beobachtung für Planungszwecke nutzen können?",C,C
high_school_psychology/test/274,Welcher der folgenden Begriffe trägt mit GERINGSTER Wahrscheinlichkeit zur Voreingenommenheit bei?,D,D
professional_psychology/test/202,"Über mehrere Monate hinweg wird Menschen aus unterschiedlichen Altersgruppen und mit unterschiedlicher Ethnizität und sozialer Herkunft eine Reihe von Testelementen vorgelegt, um zu bestimmen, welche Fragen für die endgültige Fassung des Tests beibehalten werden sollen. Wie wird dieses Vorgehen genannt?",D,B
formal_logic/test/5,"Wählen Sie die beste englische Übersetzung des gegebenen Satzes, indem Sie den folgenden Übersetzungsschlüssel verwenden: Ax: x ist eine Wohnung Hx: x ist ein Haus Lx: x ist groß Bxy: x ist größer als y (∃x)[Hx • (∀y)(Ay ⊃ Bxy)]",D,B
moral_scenarios/test/192,Bei welchem der beiden Szenarien handelt der Hauptcharakter (der „Ich“ / „mich“ / „mein“ verwendet) gemäß den Moralstandards der USA in 2020 auf eindeutig moralisch verwerfliche Art? Szenario 1 | Ich gab denjenigen mit den richtigen Antworten im Examen immer extra Punkte. Szenario 2 | Ich zündete das Feuerwerk im Bürogebäude an.,C,C
philosophy/test/258,"Hare bezieht sich auf Personen, die Ideal befürworten, ohne zu berücksichtigen, ob sie die Interessen der Menschen verfolgen, als:",A,B
abstract_algebra/test/77,Ermitteln Sie die Charakteristik des Rings Z x Z.,A,C
electrical_engineering/test/82,Ein Puffer mit drei Zuständen weist die folgenden Ausgangszustände auf,C,C
marketing/test/94,Welches Element des Werbemixes verarbeitet unvorteilhafte Geschichten und Ereignisse und fördert ein gutes Unternehmensimage?,D,D
public_relations/test/3,In welchem Jahr begann die BBC mit der Ausstrahlung von Radiosendungen?,B,A
electrical_engineering/test/25,Die für die Hochfrequenz-Wirbelstromheizung übliche Netzfrequenz beträgt,D,D
high_school_psychology/test/28,"Eine Forschende testet die Problemlösungsfähigkeiten von zwanzig 10-jährigen, zwanzig 20-jährigen und zwanzig 30-jährigen Teilnehmern im Rahmen einer Studie zu Alter und Problemlösung. Welche Forschungsmethode verwendet diese Forschende?",D,C
abstract_algebra/test/16,"Der Kehrwert von -i in der multiplikativen Gruppe {1, -1, i , -i} ist",C,D
sociology/test/126,Weber definierte eine „Klassensituation“ als:,C,B
high_school_psychology/test/188,"Die Bedürfnishierarchie von Abraham Maslow theorisiert, dass jede Person wodurch motiviert ist?",B,B
professional_accounting/test/139,Welcher der folgenden Faktoren würde am ehesten die Besorgnis eines Prüfers über das Risiko einer betrügerischen Finanzberichterstattung verstärken?,D,A
college_computer_science/test/96,"Betrachten wir eine objektorientierte Sprache, in der alle Entitäten Objekte sind. Es ergeben sich zwei Beziehungen: (1) die Instanzbeziehung zwischen einem Objekt und der Klasse, zu der das Objekt gehört, und (2) die Unterklassenbeziehung zwischen einer Klasse und der Oberklasse, von der diese Klasse Eigenschaften erbt. Wenn in einer solchen Sprache eine Nachricht an ein Objekt gesendet wird, die die Ausführung einer seiner Methoden (Prozeduren) anfordert, wird die Methode wie folgt gefunden",A,B
world_religions/test/107,Das Sprechen in fremden Sprachen ist ein Merkmal welcher christlichen Konfession?,C,A
miscellaneous/test/201,Kraft ist gleich Masse multipliziert womit?,C,C
professional_law/test/692,"Eine Frau musste ihre Mikrowelle reparieren lassen. Sie wandte sich an den örtlichen Handwerker, der sagte, er könne die Mikrowelle für 100 USD reparieren. Die Frau willigte bereitwillig ein und lieferte die Mikrowelle an den Handwerker, der versprach, sie in zwei Wochen fertig zu stellen. Eine Woche später stellte der Handwerker fest, dass er so viel zu tun hatte, dass er die Mikrowelle nicht mehr rechtzeitig reparieren konnte. Daraufhin brachte er die Mikrowelle zu einer Reparaturwerkstatt. Der Reparaturwerkstatt erklärte sich bereit, die Mikrowelle innerhalb einer Woche für 80 USD zu reparieren. Der Inhaber der Reparaturwerkstatt, der vom Handwerker beauftragt wurde, wusste nicht, dass eigentlich die Frau Eigentümerin der Mikrowelle war. Wenn die Reparaturwerkstatt die Mikrowelle nicht repariert, welche der folgenden Aussagen ist dann am zutreffendsten?",B,C
electrical_engineering/test/20,"Das Konzept der U/f-Steuerung von Umrichtern, die Induktionsmotoren antreiben, führt zu",A,C
clinical_knowledge/test/122,Welches der folgenden Arzneimittel kann zur Verbesserung der Magenmotilität eingesetzt werden?,C,A
machine_learning/test/28,Die Mittelwertbildung der Ergebnisse mehrerer Entscheidungsbäume hilft _.,D,B
professional_psychology/test/18,"Dr. X ist Inhaberin des Lehrstuhls, an dem ein Masterstudent seine Abschlussarbeit schreibt. Weil sie sich für den Student als wenig hilfsbereit erweist, geht dieser für Ratschläge und Unterstützung zu Dr. Z, einer anderen Dozentin. Dr. X liest und bewertet die fertige Masterarbeit und ist dort als Lehrstuhlinhaberin aufgeführt. Mehrere Monate später schreibt der Student einen Artikel für eine Fachzeitschrift, der auf dem Thema seiner Masterarbeit aufbaut. Wie ist der Veröffentlichungsnachweis zu handhaben?",B,C
miscellaneous/test/365,Welcher der folgenden Begriffe ist eine umgangssprachliche Bezeichnung für „Polizei“,A,A
professional_accounting/test/74,"Wenn auf einem Optionsschein das Recht auf den Kauf einer Stammaktie für 20 USD verbrieft ist, das bei einem Börsenkurs von 30 USD je Aktie ausgeübt werden kann, hat der Optionsschein den folgenden theoretischen Wert:",B,A
clinical_knowledge/test/255,"Wenn Sie eine Anamnese des Bewegungsapparats erheben, welche der folgenden Aussagen trifft zu?",A,C
high_school_statistics/test/86,"Ziel Tinas Projekts für die Wissenschaftsausstellung war es, die durchschnittliche Menge an Chemikalien in der Wasserversorgung ihrer Stadt zu schätzen. Zuerst hat sie sich entschieden, eine Zufallsstichprobe von 15 Beobachtungen zu verwenden. Jedoch bat ihr Lehrer sie darum, 35 Beobachtungen zu verwenden. Es stellte sich heraus, dass Mittelwert und Standardabweichung der 15 Beobachtungen annähernd denjenigen der 35 Beobachtungen entsprachen. Ergibt sich irgendein Vorteil bei der Verwendung von 35 Beobachtungen gegenüber 15 Beobachtungen?",D,A
professional_psychology/test/57,"Ein 60-jähriger Brandmeister wird an Sie überwiesen, weil die internen Richtlinien der Feuerwehr eine Beurteilung der Fitness verlangen, wenn ein Angehöriger dieses Alter erreicht. Sie werden gebeten, bei dieser Beurteilung mitzuwirken. Welche der folgenden Optionen wäre der wichtigste Faktor, den Sie in Ihrer Beurteilung in Betracht ziehen würden?",D,D
miscellaneous/test/541,Was war der Originalname des Apple Macintosh XL-Computers?,A,A
electrical_engineering/test/94,In einer Gleichstrommaschine wird eine 6-polige Wellenwicklung verwendet. Wie viele parallele Pfade gibt es?,C,C
high_school_world_history/test/89,"Diese Frage bezieht sich auf die folgenden Informationen:
Alphabetisierungsrate unter der Russisch sprechenden Bevölkerung des späten imperialen Russlands und der Sowjetunion, 1897–1955
Alphabetisierungsrate
1897  24%
1917  45%
1926  56%
1937  75%
1939  81,10%
1955  99,90%
Quelle: Zensusdaten und Sowjetisches Bildungsministerium
Die in der obigen Grafik präsentierten Informationen werden am besten in welchem historischen Zusammenhang gesehen?",B,B
high_school_chemistry/test/30,Unter welchen der folgenden Bedingungen wird die Bindungslänge zwischen zwei beliebigen Nichtmetallatomen erreicht?,A,C
prehistory/test/122,Opportunistische Nahrungssuche erfordert:,D,A
sociology/test/6,"Die Einkommensungleichheit hat in den 1980er Jahren zugenommen, denn:",D,A
formal_logic/test/110,Wählen Sie die beste Übersetzung in Prädikatenlogik: Alle Studenten im ersten Jahr machen einen Schwimmtest.,B,A
professional_psychology/test/387,Auf welcher Annahme beruht die Vorstellung der ökonomischen Rationalität bei der Entscheidungsfindung?,B,B
security_studies/test/13,Welche der folgenden Optionen ist keiner der vereinigenden Grundsätze der Kritischen Sicherheitsstudien gemäß der Definition von Krause?,B,B
prehistory/test/12,"Gegen Ende des Pleistozäns, vor 28.000 bis 18.000 Jahren, war der Meeresspiegel weltweit viel niedriger als heute, was zur Freilegung einer Landmasse östlich von Sibirien führte, die __________ genannt wird. Diese Periode wird _______ genannt.",C,C
miscellaneous/test/504,Welches populäre Spielzeug kommt im Film „Hudsucker - Der große Sprung“ vor?,B,B
professional_accounting/test/9,"Carson besitzt 40 % der im Umlauf befindlichen Aktien eines Unternehmens. In einem Steuerjahr weist das Unternehmen einen steuerpflichtigen Gewinn von 400.000 USD aus und schüttet seinen Aktionären Bardividenden in Höhe von insgesamt 70.000 USD aus. Carson weist auf seiner Steuererklärung den korrekten Betrag von 28.000 USD als Bruttoeinkommen aus. Wie viel Einkommen hätte Carson auf seiner Steuererklärung ausweisen müssen, wenn es sich bei dem Unternehmen um eine sogenannte S Corporation gehandelt hätte und die Gewinnausschüttungen an die Anteilseigner entsprechend vorgenommen worden wären?",C,B
elementary_mathematics/test/121,Der Wert der Ziffer 5 in 24.513 ist wie viel Mal so groß wie der Wert der Ziffer 5 in 357?,A,C
formal_logic/test/8,"Welche der folgenden Aussagen ist eine unmittelbare (einstufige) Konsequenz in PL aus den gegebenen Prämissen?
~E ⊃ ~F
G ⊃ F
H ∨ ~E
H ⊃ I
~I",D,A
professional_law/test/1234,"Ein Hausbesitzer übertrug sein Grundstück an seinen Cousin „auf Lebenszeit, mit Anwartschaft auf (die Erben des Hausbesitzers)“. Später übertrug der Cousin das Grundstück an einen Landwirt, „solange dieser das Grundstück bewirtschaftet“. Nach dem Tod des Cousins verklagten die Erben des Hauseigentümers den Landwirt auf Anspruch auf den Titel. Welche Lehre des Gewohnheitsrechts (Common Law) wäre am ehesten anwendbar, wenn das Gericht das Eigentum an dem Grundstück feststellt?",C,B
clinical_knowledge/test/76,Welche drei Faktoren regulieren das Schlagvolumen?,B,C
high_school_microeconomics/test/161,Welche der folgenden Aussagen trifft zu?,D,A
moral_disputes/test/314,"Eine zentrale Prämisse von Wellmans Argument ist, dass das Recht auf Versammlungsfreiheit eines Staates das Recht impliziere, potentielle Mitglieder ___________________.",A,C
logical_fallacies/test/136,Welche der folgenden Aussagen beschreibt am besten den Trugschluss der selbstverständlichen Wahrheiten?,C,C
high_school_world_history/test/127,"Diese Frage bezieht sich auf die folgenden Informationen:
Ist es nicht die Einheit alleine, die uns zu einer leistungsfähigen Kraft zusammenschweißt, die uns befähigt, unseren eigenen Fortschritt zu schaffen und einen wertvollen Beitrag zum Weltfrieden zu leisten? Welcher unabhängige afrikanische Staat wird behaupten, dass seine Finanzstruktur und Bankinstitute vollständig für seine nationale Entwicklung genutzt wird? Welcher Staat wird behaupten, dass seine materiellen Ressourcen und menschlichen Energien für seine eigenen nationalen Bestrebungen zur Verfügung stehen? Wir lernen schnell, dass die politische Unabhängigkeit nicht ausreicht, um uns von den Folgen der Kolonialherrschaft zu befreien. Wir waren zu sehr damit beschäftigt, unsere separaten Staaten zu pflegen, um das grundlegende Bedürfnis nach Einheit, das in einem gemeinsamen Zweck verwurzelt ist, die gemeinsame Planung und gemeinsame Bestrebungen zu verstehen.
Ghanas Präsident, Kwame Nkrumah, Ansprache vor der Organisation der Afrikanischen Einheit, 1963
Welcher der folgenden Faktoren war am wichtigsten, um zu verhindern, dass die politischen Träume, die in der Textpassage erwähnt sind, erfüllt werden?",A,A
professional_law/test/892,"Der Vorstand einer bundesstaatlichen Universität hat folgende Regelung bezüglich der Wohnsitzanforderungen erlassen: „Ein Student wird für die Zwecke der Einschreibung an der Universität als rechtmäßiger Einwohner des Bundesstaates betrachtet, wenn diese Person über 21 Jahre alt ist und seit mindestens einem Jahr vor dem letzten Tag der Einschreibung für Kreditpunkte einen rechtmäßigen Wohnsitz in diesem Bundesstaat hat.“ Ein Student zog in den Bundesstaat und schrieb sich sofort an der bundesstaatlichen Universität ein. Da er das Erfordernis des Wohnsitzes an der Universität nicht erfüllte, musste er pro Semester 1.800 USD Studiengebühren zahlen, was 400 USD mehr war als die Studiengebühren für Studenten mit Wohnsitz im Bundesstaat. Bei einer Klage des Studenten gegen die Verfassungsmäßigkeit der Bestimmung über die Feststellung des Wohnsitzes zum Zweck der Festsetzung eines Gebührenunterschieds für Studenten von außerhalb des Bundesstaates an öffentlichen Hochschulen wird das Gericht die Bestimmung höchstwahrscheinlich für",D,C
high_school_psychology/test/84,"Das medizinische Modell psychologischen Störverhaltens wird am wahrscheinlichsten dafür kritisiert, dass es die Wichtigkeit vernachlässigt von",D,C
high_school_european_history/test/145,"Diese Frage bezieht sich auf die folgenden Informationen:
Von diesem Moment an bis zu dem Zeitpunkt, an dem der Feind vom Boden der Republik vertrieben wurde, können alle Franzosen ständig zum Dienst in den Armeen eingezogen werden. Die jungen Männer sollen in den Krieg ziehen; die verheirateten Männer sollen Waffen und Transporteinrichtungen schmieden; die Frauen sollen Zelte und Kleidung fertigen und in den Hospitälern dienen; die Kinder sollen alte Leinenstoffe in Mull verwandeln; die Alten sollen Zuflucht an öffentlichen Orten suchen, damit der Mut der Krieger entfacht wird und der Hass auf Könige und die Einheit der Republik gepredigt wird. …
Das Komitee für Öffentliche Sicherheit wird damit betraut, alle notwendigen Maßnahmen zu ergreifen, um ohne Verzögerung eine außergewöhnliche Produktion von Waffen jeder Art einzuleiten, die der Begeisterung und Energie des französischen Volks entspricht. Dementsprechend ist das Komitee autorisiert, alle Einrichtungen, Fabriken, Betriebe und Mühlen zu gründen, die für die Ausführung dieser Arbeiten für notwendig erachtet werden, sowie in der ganzen Republik die Künstler und Arbeiter zu requirieren, die zu deren Erfolg beitragen können.
Die Repräsentanten des Volks, die zur Umsetzung des gegenwärtigen Rechts ausgeschickt wurden, haben dieselbe Autorität in ihren jeweiligen Distrikten, sie arbeiten mit dem Komitee der Öffentlichen Sicherheit zusammen; sie sind mit den unbegrenzten Machtbefugnissen ausgestattet, die den Armeen von den Repräsentanten des Volks erteilt werden.
The Levée en Masse, 23. August 1793
Die Textpassage kann als ein Beispiel der Art und Weise verwendet werden, in der das Komitee für Öffentliche Sicherheit",B,A
high_school_microeconomics/test/172,"Land, Arbeit, Kapital und unternehmerisches Talent werden oft bezeichnet als",D,A
professional_accounting/test/69,"Zum 1. Dezember des 2. Jahres hat ein Unternehmen eine Kreditlinie in Höhe von 1.000.000 USD mit einer Laufzeit von einem Jahr erhalten, wovon es 250.000 USD in Anspruch genommen hat. Zudem hat es eine besicherte Anleihe in Höhe von 750.000 USD mit Fälligkeit in fünf jährlichen Raten und einen Schuldschein über 300.000 USD mit hoher Resttilgung bei Fälligkeit in drei Jahren. Wie sollten die Verbindlichkeiten des Unternehmens in seiner Bilanz für den 31. Dezember des 2. Jahres dargestellt werden, wenn im Dezember keine Schuldentilgung erfolgt?",C,A
security_studies/test/240,Wie kann man zwischen begrenzter Gewalt und vollständiger Gewalt unterscheiden?,D,C
high_school_biology/test/63,"Dieses Biom enthält Pflanzen, deren Wurzeln aufgrund von Permafrost nicht tief in den Boden eindringen können.",C,B
jurisprudence/test/38,"Die Rechtsform, die Rechte zwischen Personen festlegt und Wiedergutmachung für Rechtsverletzungen fordert, heißt:",B,B
