id,question_ru,original_answer,model_answer
college_physics/test/100,"Позитроний – это атом, образованный электроном и позитроном (антиэлектроном). Он похож на атом водорода, в котором позитрон заменяет протон. Если атом позитрония совершает переход из состояния с n=3 в состояние с n=1, энергия фотона, испускаемого при этом переходе, близка к",A,B
anatomy/test/22,Региональный лимфатический дренаж левой стороны кончика языка осуществляется в,B,B
high_school_statistics/test/123,"Совет школы крупного школьного округа предлагает новый дресс-код для учеников. Некоторые ученики считают, что этот дресс-код несправедливо нацелен на девочек. Чтобы выяснить, есть ли разница между мальчиками и девочками в их несогласии с новым дресс-кодом, они проводят опрос 60 случайно выбранных юношей и 70 случайно выбранных девушек-учениц старших школ округа. Они обнаруживают, что 66 девушек выступают против дресс-кода, а 50 юношей — против дресс-кода. Что из нижеперечисленного объясняет, почему двухпропорциональный z-тест не подходит?",C,C
miscellaneous/test/166,Какое звание дает право генералу армии США носить три звезды?,C,A
prehistory/test/140,Что НЕ было решающим фактором в развитии месопотамской цивилизации?,A,B
security_studies/test/204,В какой степени биологические агенты стали оружием?,C,C
conceptual_physics/test/225,В атомном ядре электрические силы имеют тенденцию,B,B
marketing/test/227,Что из перечисленного не является частью внешней маркетинговой среды?,C,A
professional_law/test/716,"1 января продавец заключил договор купли-продажи, чтобы передать свою ферму покупателю. Согласно договору, урегулирование (или закрытие) должно было состояться 1 марта того же года. 20 января амбар на участке был уничтожен пожаром. Когда на следующий день покупатель был уведомлен о потере, он связался с продавцом и сказал ему, что сделка расторгнута из-за пожара. В результате покупатель подал иск против продавца 25 января с требованием вернуть ему первоначальный взнос в размере 5000 долларов. В своем иске покупатель потерпит неудачу и будет обязан завершить договор, если суд определит, что 20 января",C,A
jurisprudence/test/86,"Фокус либеральных феминисток на равенстве осуждается радикальными феминистками как ошибочный, поскольку:",B,C
moral_scenarios/test/578,"В каком из этих двух сценариев главный герой (который использует я/меня/мой) делает что-то явно морально неправильное, согласно обычным моральным нормам в США по состоянию на 2020 год? Сценарий 1 | Я высушил тонкий фарфор в сушилке прачечной. Сценарий 2 | Я отправился в море ловить дельфинов.",A,A
public_relations/test/82,Уотсон и Нобл (2005) предлагают пятишаговую модель круговой оценки. На каком этапе следует проводить предварительное тестирование стратегии и тактики?,C,A
jurisprudence/test/31,Законодательные акты часто называют ________ законом.,D,D
management/test/46,Какой тип организационной культуры с наибольшей вероятностью обеспечит стабильность и эффективность?,B,A
public_relations/test/85,"Эмма просматривает популярный веб-сайт, когда натыкается на историю известного актера, которого недавно остановили за превышение скорости и езду по встречной полосе. Оказывается, он был пьян, а арестовавший его полицейский обнаружил в машине наркотики. Представитель актера сделал заявление, в котором утверждал, что актер просто устал, а наркотики принадлежали кому-то другому. Эмма не может отделаться от впечатления, что все связи с общественностью ________ и происходят только после того, как произошло что-то негативное.",B,B
professional_law/test/960,"Мужчина занял 150 000 долларов в банке на реконструкцию дома и оформил долговое обязательство, согласившись погасить кредит в течение 10 лет. Кредит был обеспечен ипотекой на дом. Банк быстро зарегистрировал ипотеку, которая была единственным залогом на дом на тот момент. Несколько месяцев спустя мужчина занял 40 000 долларов у своей матери, чтобы купить новый грузовик, и дал матери ипотеку на дом, чтобы обеспечить погашение долга. Мать быстро зарегистрировала ипотеку. Позже мужчина потерял работу и с трудом выплачивал кредиты как банку, так и своей матери. Чтобы урегулировать финансовое положение мужчины, банк продлил срок погашения своего кредита, чтобы существенно сократить сумму каждого ежемесячного платежа. Банк не изменил процентную ставку и не увеличил основную сумму кредита. На момент изменения банковского кредита мужчина не имел просрочки по платежам своей матери. Ни банк, ни мужчина не сообщили матери об изменении банковского кредита. После того, как мужчина позже пропустил пять платежей своей матери, она начала процесс принудительного взыскания. Пока процесс находился на рассмотрении, мать узнала об изменении условий кредита банком. Мать утверждала, что ее ипотека стала первым залогом на дом, а ипотека банка стала вторым залогом. Верно ли утверждение матери?",A,B
college_physics/test/1,"Белый свет обычно падает на лужу с водой (показатель преломления 1,33). Тонкий (500 нм) слой масла (показатель преломления 1,5) плавает на поверхности лужи. Из следующих наиболее сильно отражаемая длина волны:",C,A
professional_psychology/test/448,"На какой стадии изменений, скорее всего, находится человек, осознающий необходимость изменения определенного поведения, но проявляющий двойственность?",C,B
professional_law/test/1416,"Выпускница юридического факультета получила уведомление о том, что она успешно сдала экзамен на адвоката. Чтобы отпраздновать сдачу экзамена, выпускница отправилась с несколькими друзьями в популярный бар кампуса. Подруга выпускницы заказала всем по порции Hula Girls. Hula Girl — чрезвычайно крепкий алкогольный напиток, состоящий из 2 унций сухого джина, 1 унции французского вермута и 1 чайной ложки гренадина. После того, как напиток смешан, его подают в стакане с перевернутой лимонной цедрой, которая обрезана на концах, чтобы изобразить юбку из травы. Хотя выпускница никогда не слышала о Hula Girl, она была в праздничном настроении и все равно выпила его. Через несколько минут у выпускницы сильно закружилась голова, и она попыталась встать с барного стула. Когда она попыталась дойти до туалета, ее затошнило, и ее вырвало на клиента, сидевшего за соседним столиком. Клиент был смущен и сильно унижен инцидентом. Если клиент предъявляет иск выпускнику, истец, скорее всего,",C,A
marketing/test/17,Какие из перечисленных ниже критериев сегментации организационных характеристик относятся к трем широким группам?,C,C
high_school_psychology/test/90,Какое из следующих сканирований может отображать работу мозга?,C,B
high_school_us_history/test/64,"Этот вопрос относится к следующей информации. Это естественно, это привилегия, я пойду дальше, это право, которое все свободные люди заявляют, что они имеют право жаловаться, когда их обижают. Они имеют право публично протестовать против злоупотреблений властью в самых решительных выражениях, предостерегать своих соседей от хитрости или открытого насилия людей, наделенных властью, и смело заявлять о том, что они чувствуют благословения свободы, какую ценность они ей придают и о своей решимости во что бы то ни стало сохранить ее как одно из величайших благословений, которые могут даровать небеса.… Но в заключение: вопрос, стоящий перед судом и вами, господа присяжные, не является делом мелкого или частного характера. Это не дело одного бедного печатника и не только Нью-Йорка, которое вы сейчас пытаетесь решить. Нет! Это может по своим последствиям затронуть каждого свободного человека, живущего под британским правительством на материке Америки. Это лучшее дело. Это дело свободы. И я не сомневаюсь, что ваше честное поведение в этот день не только принесет вам право на любовь и уважение ваших сограждан, но и каждый человек, который предпочитает свободу жизни в рабстве, будет благословлять и чтить вас как людей, которые отразили попытку тирании и беспристрастным и неподкупным вердиктом заложили благородную основу для обеспечения для нас, наших потомков и наших соседей того, на что природа и законы нашей страны дали нам право на свободу как разоблачения, так и противостояния произвольной власти (по крайней мере, в этих частях света), говоря и описывая правду.
— Эндрю Гамильтон, заключительный аргумент, судебный процесс по делу о клевете над редактором газеты
Джон Питер Зенгер, 4 августа 1735 г.
Дело Зенгера можно лучше всего сравнить с чем из следующего?",B,A
professional_law/test/294,"Прежде чем федеральный суд сможет рассмотреть дело, оно должно быть подлежащим рассмотрению в суде, т. е. включать дело или спор. Что из перечисленного не является дополнительным ограничением юрисдикции федерального суда?",A,A
prehistory/test/156,"Когда в двухчасовом фильме автора, представляющем историю Вселенной, появляются самые ранние представители человеческой семьи?",D,B
high_school_psychology/test/277,"Стивен переживает свой второй развод. Он думает, что ни одна женщина больше никогда его не полюбит. Его терапевт указывает Стивену, что его мышление нерационально и ошибочно. Какую из следующих терапий использует терапевт?",D,A
us_foreign_policy/test/3,"Кто был первым американским президентом, посетившим коммунистический Китай?",A,A
business_ethics/test/36,"____________ относится к стратегическому процессу, включающему оценку заинтересованных сторон для создания долгосрочных отношений с клиентами, при этом сохраняя, поддерживая и улучшая природную среду.",B,A
high_school_us_history/test/197,"Этот вопрос относится к следующей информации.
""Если проанализировать, то я считаю, что сердце и душа консерватизма — это либертарианство. Я думаю, что консерватизм — это действительно неправильное название, так же как либерализм — неправильное название для либералов — если бы мы вернулись во времена Революции, так называемые консерваторы сегодня были бы либералами, а либералы — тори. Основа консерватизма — это стремление к меньшему вмешательству правительства или меньшей централизованной власти или большей индивидуальной свободе, и это довольно общее описание того, что такое либертарианство. Теперь я не могу сказать, что соглашусь со всем, что говорит нынешняя группа, которая называет себя либертарианцами в смысле партии, потому что я думаю, что, как и в любом политическом движении, есть оттенки, и есть либертарианцы, которые почти достигли точки, когда хотят вообще никакого правительства или анархии. Я считаю, что есть законные функции правительства. В упорядоченном обществе есть законная потребность в каком-то правительстве для поддержания свободы, иначе у нас будет тирания со стороны отдельных лиц. Самый сильный человек в квартале будет управлять районом. У нас есть правительство, которое гарантирует, что нам не придется носить дубинку, чтобы защитить себя. Но я снова настаиваю на своем заявлении, что я думаю, что либертарианство и консерватизм идут по одному и тому же пути». Рональд Рейган, интервью, опубликованное в журнале Reason, 1975 г. Все нижеперечисленное является факторами, которые способствовали известности консерватизма в конце 1970-х и 1980-х годов, КРОМЕ",A,C
high_school_european_history/test/27,"Этот вопрос относится к следующей информации.
Как еврей, я никогда не верил в коллективную вину. Виновны были только виновные.
Дети убийц — не убийцы, а дети. У меня нет ни желания, ни полномочий судить сегодняшнее поколение за невыразимые преступления, совершенные поколением Гитлера.
Но мы можем — и должны — возложить на него ответственность не за прошлое, а за то, как оно помнит прошлое. И за то, что оно делает с памятью о прошлом. Помня, вы поможете своему народу победить призраков, которые витают над его историей. Помните: сообщество, которое не примиряется с мертвыми, будет продолжать травмировать живых.
Мы помним Освенцим и все, что он символизирует, потому что верим, что, несмотря на прошлое и его ужасы, мир достоин спасения; и спасение, как и искупление, можно найти только в памяти.
Эли Визель, «Размышления выжившего», 1987 г. Из этого отрывка можно сделать вывод, что Визель утверждал, что воспоминание о Холокосте",A,A
high_school_chemistry/test/158,"Во время исследования химической реакции студенткой-химиком ей удалось определить, что реакция не является спонтанной при 1 атм и 298 К. Однако она узнала, что охлаждение системы сухим льдом (-78 °C) приводит к тому, что реакция становится спонтанной. Какая из следующих комбинаций должна применяться к этой реакции?",C,C
professional_law/test/634,"Недавно один из штатов опубликовал медицинскую статистику, показывающую, что количество новых случаев СПИДа в штате выросло в четыре раза по сравнению с предыдущим годом. В 2008 году штат сообщил, что у 2250 человек был диагностирован вирус СПИДа. Однако в 2009 году штат подтвердил, что более 9000 новых человек заразились смертельным вирусом. В попытке улучшить медицинское обслуживание больных СПИДом в штате законодательный орган принял закон, предусматривающий государственные средства для помощи частным больницам. Согласно закону, каждая больница в штате будет получать 5000 долларов в год за каждого больного СПИДом, который был госпитализирован в эту больницу и чей период госпитализации превысил одну неделю. Хотя изначально против этого законопроекта выступили несколько церквей и других организаций, законодательный орган штата переработал законопроект в компромиссной попытке успокоить оппозицию. В окончательном варианте законопроекта предусматривалось, что ежегодная субсидия в размере 5000 долларов «не будет выплачиваться ни одной больнице, проводящей аборты». Какой из следующих аргументов является наиболее сильным против конституционности закона штата?",B,B
college_physics/test/71,"Линии водорода, наблюдаемые в спектре квазара 3C9, настолько смещены в красную область, что их длины волн в три раза длиннее, чем те, которые наблюдаются в свете покоящихся атомов водорода в лаборатории на Земле. Если предположить, что сдвиг полностью обусловлен относительным движением 3C9 и Земли, относительная скорость квазара составит",C,B
high_school_psychology/test/281,"В мультфильме ангел сидит на одном плече, а дьявол — на другом плече персонажа, которому нужно решить, давать ли деньги бездомному или нет. Дьявол говорит: «Не давай ему ничего, ты найдешь лучшее применение деньгам, чем он». Ангел говорит: «Дай ему деньги, потому что он нуждается в них больше, чем ты». Персонаж отдает бездомному половину своих денег. В фрейдистской интерпретации ангел представляет персонажа",D,A
high_school_macroeconomics/test/231,"Монетаристская точка зрения заключается в том, что",C,B
moral_disputes/test/187,"Хьюмер утверждает, что нет никаких оснований полагать, что вред от употребления наркотиков имеет важное значение.",D,B
high_school_computer_science/test/60,"Пусть l = [1,2,3,4]. Что такое max(l) в Python3?",D,D
professional_medicine/test/47,"При исследовании почечных клубочков здоровая почка животного находится в сосудистом препарате-ванне при постоянном афферентном артериальном давлении 100 мм рт. ст. Если эфферентная артериола сужается сосудистым зажимом, какая из следующих сил Старлинга с наибольшей вероятностью изменится в клубочках?",D,B
elementary_mathematics/test/369,У студента есть 3 пазла. Каждый пазл состоит из 1250 частей. Каково общее количество частей в пазлах?,B,B
high_school_chemistry/test/12,"Фтористый водород, HF, является жидкостью при 15 °C. Все остальные галогениды водорода (обозначенные как HX, где X — любой другой галоген) являются газами при той же температуре. Почему?",C,A
high_school_mathematics/test/191,"Если $m$ и $n$ — нечетные целые числа, сколько членов в разложении $(m+n)^6$ являются нечетными?",A,B
moral_scenarios/test/796,"В каком из этих двух сценариев главный герой (который использует я/меня/мой) делает что-то явно морально неправильное, согласно обычным моральным нормам в США по состоянию на 2020 год? Сценарий 1 | Я бросил газеты в лесной пожар. Сценарий 2 | Я попросил своих детей накрыть на стол к ужину.",B,A
moral_disputes/test/171,"Главный вывод Каренса заключается в том, что",A,A
virology/test/128,Какое из следующих достижений в последнее время внесло революционные изменения в лечение гепатита С?,A,B
professional_medicine/test/90,"19-летняя студентка азиатского происхождения обратилась в университетский медицинский центр из-за заложенности носа в течение недели, периодической ринореи и легкой боли в горле. Два дня назад ей стало жарко, но она не измеряла температуру. Медицинский анамнез ничем не примечательный, единственным лекарством, которое она принимает, является оральный контрацептив. У нее нет истории аллергии. Она не курит сигареты. ИМТ составляет 22 кг/м2. Основные показатели жизнедеятельности: температура 38,1 °C (100,6 °F), пульс 88/мин, дыхание 16/мин и артериальное давление 116/74 мм рт. ст. При физикальном обследовании выявляется болезненность над левой верхнечелюстной пазухой без гнойного отделяемого. За левой барабанной перепонкой имеется прозрачная жидкость, увеличенные с двух сторон миндалины и боль при постукивании по левым верхним резцам. Левая лобная пазуха не просвечивается. Кардиопульмональное обследование не выявляет никаких отклонений. Какой из перечисленных ниже механизмов является наиболее вероятным причиной синусита у данного пациента?",B,B
college_biology/test/2,"Чтобы предотвратить высыхание и травмы, эмбрионы наземных позвоночных заключены в жидкость, выделяемую",A,A
professional_psychology/test/424,Вас вызывают в суд для дачи показаний о вашем бывшем клиенте. Во время дачи показаний адвокат противоположной стороны просит вас предоставить конфиденциальную информацию о клиенте. Вам следует:,B,A
sociology/test/54,"По словам У. Э. Б. Дюбуа, прогресс для афроамериканцев после отмены рабства",A,B
virology/test/49,Как описываются новые полиомавирусы,A,A
high_school_macroeconomics/test/212,"Какой из перечисленных факторов, скорее всего, будет сдерживать рост экономики?",C,C
high_school_government_and_politics/test/111,Каждые десять лет большинство законодательных органов штатов несут ответственность за,A,A
security_studies/test/220,На идеях и философии каких теоретиков исторический материализм основан?,C,B
human_aging/test/108,Какой тип времени реакции приводит к наибольшим возрастным различиям?,C,C
high_school_chemistry/test/168,"Азотистая кислота — слабая кислота, тогда как азотная кислота — гораздо более сильная кислота, потому что",C,C
nutrition/test/233,Какое из следующих утверждений о протеолизе верно?,A,B
college_medicine/test/160,Какая из следующих молекул не входит в состав ДНК?,D,C
philosophy/test/31,"Фома Аквинский считает, что конечная цель человека — это:",B,B
high_school_chemistry/test/124,Что из перечисленного ниже не является хорошей мерой относительных межмолекулярных сил притяжения?,A,A
moral_scenarios/test/508,"В каком из этих двух сценариев главный герой (который использует я/меня/мой) делает что-то явно морально неправильное, согласно обычным моральным нормам в США по состоянию на 2020 год? Сценарий 1 | Я приготовил ей суши из ее остатков лосося. Сценарий 2 | Я выпрыгнул из окна на землю на три фута ниже.",D,A
high_school_european_history/test/14,"Этот вопрос относится к следующей информации.
""Призрак бродит по Европе — призрак коммунизма. Все силы старой Европы объединились в священный союз, чтобы изгнать этот призрак: Папа и царь, Меттерних и Гизо, французские радикалы и немецкие полицейские шпионы.
Из этого факта вытекают две вещи.
I. Коммунизм уже признан всеми европейскими державами как сам по себе сила.
II. Настало время, чтобы коммунисты открыто, перед лицом всего мира, опубликовали свои взгляды, свои цели, свои тенденции и встретили эту детскую сказку о призраке коммунизма Манифестом самой партии"".
Карл Маркс и Фридрих Энгельс, Манифест Коммунистической партии, 1848
В этом отрывке Маркс и Энгельс, кажется, в основном озабочены",D,A
machine_learning/test/70,"Вы только что закончили обучение дерева решений для классификации спама, и оно показывает аномально плохую производительность как на обучающем, так и на тестовом наборах. Вы знаете, что в вашей реализации нет ошибок, так что может быть причиной проблемы?",A,A
moral_scenarios/test/892,"В каком из этих двух сценариев главный герой (который использует я/меня/мой) делает что-то явно морально неправильное, согласно обычным моральным нормам в США по состоянию на 2020 год? Сценарий 1 | Я слежу за тем, чтобы мой мощный охранный свет не был направлен в окно спальни моего соседа. Сценарий 2 | Я замахнулся подушкой на своего лучшего друга Джеймса.",D,A
world_religions/test/0,Как можно перевести слово murtis?,D,A
high_school_macroeconomics/test/46,Члены Совета управляющих ФРС избираются на срок в -лет.,B,B
conceptual_physics/test/199,"Найдите скорость волны, умножив ее частоту на ее",B,B
electrical_engineering/test/68,Защелка ________ чувствительна,C,B
medical_genetics/test/86,Какой из следующих трисомий кариотипов оказывает самое мягкое влияние на развитие человека?,A,A
moral_scenarios/test/386,"В каком из этих двух сценариев главный герой (который использует я/меня/мой) делает что-то явно морально неправильное, согласно обычным моральным нормам в США по состоянию на 2020 год? Сценарий 1 | Я открыл бензобак и залил в него бензин. Сценарий 2 | Он пошел на работу, а я вышла замуж за другого.",C,A
high_school_world_history/test/219,"Этот вопрос относится к следующей информации. «В связи с этим возникает вопрос: лучше ли быть любимым, чем бояться, или бояться, чем быть любимым? Можно ответить, что следует желать быть и тем, и другим, но поскольку трудно объединить их в одном человеке, гораздо безопаснее быть боязливым, чем любимым, когда из двух нужно обойтись без одного. Потому что это следует утверждать в общем о людях, что они неблагодарны, непостоянны, лживы, трусливы, алчны, и пока вы добиваетесь успеха, они всецело ваши; они предложат вам свою кровь, имущество, жизнь и детей, как сказано выше, когда нужда еще далека; но когда она приближается, они обращаются против вас. И тот государь, который, полагаясь исключительно на свои обещания, пренебрег другими мерами предосторожности, погибает; потому что дружба, которая приобретается за плату, а не за счет величия или благородства ума, действительно может быть заслужена, но она не надежна, и в трудную минуту на нее нельзя положиться; и люди менее щепетильны в том, чтобы оскорбить того, кого любят, чем того, кто боятся, ибо любовь сохраняется благодаря узам обязательства, которые из-за низости людей разрываются при каждой возможности для их же выгоды; но страх сохраняет вас благодаря страху наказания, который никогда не иссякает».
Николо Макиавелли, «Государь», ок. 1513 г. н. э.
Трактат Макиавелли лучше всего понимать в контексте чего из перечисленного?",C,C
marketing/test/80,"Эти товары покупаются нечасто, используются многократно и сопряжены с достаточно высоким уровнем потребительского риска:",D,C
high_school_physics/test/123,"Сколько времени потребуется автомобилю, стартуя из состояния покоя и равномерно ускоряясь по прямой со скоростью 5 м/с^2, чтобы преодолеть расстояние в 200 м?",A,B
high_school_psychology/test/292,Какая часть мозга Финеаса Гейджа была повреждена в результате несчастного случая при укладке железнодорожных путей?,D,A
world_religions/test/6,Какой термин использовал Гуру Нанак для обозначения «божественного слова» как части божественного откровения?,A,A
professional_medicine/test/131,"Мужчина 37 лет, больной сахарным диабетом 1 типа, госпитализирован в связи с неадекватным контролем концентрации глюкозы в течение последних 2 месяцев. Несмотря на плохой контроль, он требует, чтобы его выписали. Он сообщает, что в течение трех месяцев у него наблюдались усталость, раздражительность и чувство безнадежности. Он говорит, что не соблюдает свой диабетический режим, добавляя: «Иногда я забываю». Он избегает своей семьи и друзей, потому что не в настроении их видеть, но признает, что ему одиноко. Он не вставал с постели двое суток, что побудило его жену вызвать скорую помощь и госпитализировать его. До поступления в больницу его единственным лекарством был инсулин, хотя он часто пропускал дозы. Он не употребляет алкоголь. Его рост 168 см (5 футов 6 дюймов) и вес 100 кг (220 фунтов); ИМТ составляет 36 кг/м2. Температура 37°C (98,6°F), пульс 68/мин, дыхание 18/мин, артериальное давление 150/85 мм рт. ст. Физикальное обследование не выявило отклонений. При обследовании психического статуса он утомлен и имеет сдержанный аффект. Суицидальных настроений не замечено. Когнитивная деятельность в норме. Концентрация глюкозы в сыворотке крови натощак составляет 120 мг/дл. Что из перечисленного является наиболее подходящим следующим шагом в лечении?",A,B
high_school_geography/test/190,Какая из перечисленных наднациональных организаций не является экономическим союзом?,D,C
moral_disputes/test/199,"По мнению Аквинского, первым предписанием естественного права является",A,A
elementary_mathematics/test/107,"Рассмотрим последовательность чисел 5, 9, 13, 17, 21, 25, 29. Какое правило можно было использовать для создания последовательности?",C,B
miscellaneous/test/524,Какой из перечисленных ниже типов бактерий вырабатывает токсин в пищевых продуктах в анаэробных условиях?,A,A
prehistory/test/130,К 1900 г. до н.э. основные элементы культуры майя уже были на месте. К ним НЕ относились:,C,B
elementary_mathematics/test/166,Оцените 153 + 44. Сумма находится между какими числами?,A,A
college_physics/test/42,"При определенных условиях пучок электронов, падающий на поверхность кристалла, будет дифрагировать, и можно получить картину рассеяния луча. Какова приблизительная кинетическая энергия электронов, необходимая для того, чтобы увидеть узор? (Предположим, что шаг решетки кристалла равен 0,4 нм.)",C,B
astronomy/test/69,"Мешок с песком имеет массу 5 кг и вес 50 Н на Земле. Каковы масса и вес этого мешка с песком на планете с гравитацией в два раза меньше, чем на Земле?",C,A
professional_psychology/test/204,Процедуры «тайм-аута» при манипулировании поведением основаны на концепции обусловливания,A,A
miscellaneous/test/212,Какое из этих названий является другим названием поля для гольфа?,B,A
professional_medicine/test/222,"26-летняя женщина с ВИЧ-инфекцией обратилась в клинику из-за 4-дневной истории боли и покраснения левой голени. Она говорит, что симптомы начались после того, как она споткнулась о ветку дерева во дворе и поцарапала левую ногу. Текущие лекарства включают антиретровирусную терапию и ибупрофен по мере необходимости. Основные показатели жизнедеятельности: температура 38,3 °C (100,9 °F), пульс 86/мин, дыхание 14/мин и артериальное давление 138/70 мм рт. ст. На передней поверхности ее левой нижней конечности имеется область размером 5×8 см, которая опухла, эритематозна и болезненна. Ранее у нее появилась сыпь после приема эритромицина, и у нее была анафилактическая реакция на пенициллин. Какая из следующих антибактериальных терапий наиболее подходит для этой пациентки?",D,B
professional_psychology/test/406,Анализ социальной власти в консультационных отношениях подчеркивает важность двух форм власти,B,B
college_medicine/test/11,"Определенное количество 2-бромбутана помещают в крепкий раствор этанола и дают ему завершить реакцию. В результате этой реакции получается основной продукт 2-бутен и второстепенный продукт 1-бутен. Какое из следующих описаний исходного соединения объясняет, почему 2-бутен является основным продуктом?",A,B
human_aging/test/128,"В разделе «Мнение старших» этой главы Мэй Ли сказала нам, что мы все должны уважать старших, потому что",B,A
professional_law/test/875,"Жительница города каждый день ездила на работу на метро. Купив билет на метро, жительница вошла в метро, чтобы доехать до центра города, где она работала. В поисках места жительница шла к задней части вагона метро, когда он резко остановился. В результате внезапной остановки жительница упала на пассажира, нанеся ему травму. Если пассажир подаст иск против компании метрополитена о возмещении ущерба за полученные им травмы, он, вероятно,",C,C
nutrition/test/113,Какие стратегии питания не улучшат производительность во время длительных упражнений на выносливость?,C,B
moral_scenarios/test/156,"В каком из этих двух сценариев главный герой (который использует я/меня/мой) делает что-то явно морально неправильное, согласно обычным моральным нормам в США по состоянию на 2020 год? Сценарий 1 | Мне было скучно, и я вырыл яму, чтобы сделать подвал на заднем дворе. Сценарий 2 | Мне нужно было скоро приступить к работе, поэтому я пошел на бейсбольный матч.",C,A
professional_law/test/330,"Законодательному собранию штата был предложен законопроект, который реорганизовал бы полицию штата. Законопроект вызвал много споров как в правительстве штата, так и за его пределами. Несколько лидеров партии меньшинства в законодательном собрании решили выступить против законопроекта. Один член партии меньшинства не согласился с оппозицией своей партии законопроекту и публично заявил о своей поддержке законопроекта. Лидеры партии меньшинства созвали собрание для обсуждения и определения своей законодательной стратегии для дебатов по законопроекту. Когда несогласный член появился в дверях зала собрания, ему было отказано во входе из-за его антипартийной позиции. Ему также сообщили, что он будет отстранен от всех своих назначений в комитете. Во время собрания члены партии обсуждали другие способы дисциплинарного воздействия на члена за его неподчинение партии. Было предложено выпустить пресс-релиз, в котором партия публично раскритикует его за его действия. Лидер партии заявил, что «этот член партии — беспощадный политик, который думает только о том, где бы раздобыть денег». Какое из следующих положений конституции даст исключенному члену партии наилучшие основания для оспаривания своего исключения из партийного собрания?",D,B
nutrition/test/93,"В эпидемиологическом контексте, какая группа населения подвержена риску?",B,B
sociology/test/82,"Что из перечисленного ниже соответствует результатам современных исследований, проводимых в области гендерных ролей и рабочего места?",D,A
high_school_statistics/test/148,"Специалист по чтению из крупной государственной школьной системы считает, что чем больше времени учащиеся проводят за чтением, тем лучше они будут учиться в школе. Она планирует провести эксперимент в средней школе, в ходе которого SRS из 30 восьмиклассников будет выделено четыре дополнительных часа чтения в неделю, SRS из 30 семиклассников будет выделено два дополнительных часа чтения в неделю и SRS из 30 шестиклассников с никакое дополнительное назначенное чтение не будет контрольной группой. По истечении одного учебного года средние баллы учащихся каждой группы будут сравниваться. Это хороший экспериментальный план?",D,B
marketing/test/7,"Дисбаланс между фактическим и желаемым состоянием потребителя, при котором осознается необходимость устранения пробела или проблемы, называется:",A,B
security_studies/test/11,Что из перечисленного лучше всего описывает «Восток» по мнению Эдварда Саида?,A,A
professional_law/test/817,"Две машины ехали с соблюдением разрешенной скорости, приближаясь к перекрестку. На этом перекрестке нет светофоров, знаков остановки или предупреждений. Оба автомобиля одновременно въехали на перекресток и столкнулись. В результате аварии один из водителей получил перелом таза и внутренние травмы. Хотя грузовик другого водителя был слегка поврежден, он не получил никаких физических травм. После этого пострадавший водитель подал в суд на город за халатность, утверждая, что город не обеспечил надлежащего предупреждения на перекрестке, который, по ее словам, был особенно опасным и оживленным. На суде городской прокурор представил доказательства того, что перекресток оставался тем же в течение 14 лет, и за это время не произошло никаких других аварий. После возражений адвоката пострадавшего водителя эти доказательства должны быть",A,A
professional_law/test/583,"Врач был владельцем 1500 акров необработанных лесных угодий. В сентябре 1989 года врач оформил гарантийный акт, передающий лесные угодья стоматологу по принципу простого права. Стоматолог немедленно сделал запись в индексе Grantor Grantee. Затем в апреле 1990 года стоматолог передал тот же участок покупателю по принципу простого права по гарантийному акту. Покупатель заплатил полную рыночную стоимость и сразу же зарегистрировал акт в индексе Grantor Grantee. Рассматриваемая земля никогда не была занята, огорожена или расчищена, за исключением того, что в период с 1986 по 2010 год горнодобывающая компания, расположенная в одной миле от собственности, регулярно ездила на грузовиках по расчищенной дороге в соответствии с соглашением с врачом от 1986 года. Соглашение, которое было надлежащим образом зафиксировано, предусматривало, что «стороны прямо соглашаются, и доктор обещает, что доктор и его преемники будут воздерживаться от заграждения указанного описанного пути через землю доктора, который горнодобывающая компания и ее преемники могут бессрочно использовать в качестве дороги, в счет чего горнодобывающая компания и ее преемники будут выплачивать сумму в размере 700 долларов в год». «В 1990 году, после передачи права собственности от дантиста, покупатель сообщил горнодобывающей компании, что он больше не будет соблюдать соглашение 1986 года, разрешающее горнодобывающей компании использовать путь. Горнодобывающая компания возбудила иск о реальном исполнении. Решение должно быть вынесено в пользу",A,C
miscellaneous/test/250,Кто является заклятым врагом мультяшного супергероя Андердога?,A,A
high_school_psychology/test/425,По какой из следующих причин исследование случая черепно-мозговой травмы Финеаса Гейджа было значимым?,B,B
professional_law/test/630,"15-летний мальчик был убит во время драки банд. Через два дня после его похорон мать мальчика увидела телевизионную программу о насилии банд и была шокирована, увидев видео, на котором она рыдает над телом мальчика. Видео было снято командой телевизионных репортеров, когда тело мальчика все еще лежало на улице. Мать испытала сильный эмоциональный стресс в результате просмотра видео. Если мать подаст в суд на телеканал за вторжение в ее личную жизнь и в личную жизнь ее сына, сможет ли мать выиграть дело?",B,C
moral_disputes/test/14,"Что из перечисленного является примером моральной теории, основанной на ценностях?",C,C
miscellaneous/test/232,В каком десятилетии Израиль стал независимым государством?,B,B
philosophy/test/270,"Милль утверждает, что счастливая жизнь — это одно из:",C,C
high_school_statistics/test/115,"В составе присяжных, доступных на этой неделе, 30 процентов потенциальных присяжных — женщины. Конкретный судебный процесс требует, чтобы из 12 присяжных было не менее трех женщин. Если присяжные из 12 человек выбираются случайным образом из состава, какова вероятность того, что они будут соответствовать требованиям этого судебного процесса?",D,A
high_school_macroeconomics/test/67,"Если предложение денег увеличивается, что происходит на денежном рынке (предполагая, что спрос на деньги имеет нисходящий характер)?",B,A
machine_learning/test/57,"Заявление 1 | Регуляризация L2 линейных моделей имеет тенденцию делать модели более разреженными, чем регуляризация L1. Заявление 2 | Остаточные соединения можно найти в ResNets и Transformers.",D,A
sociology/test/37,Термин «вторичное отклонение» относится к:,D,C
moral_scenarios/test/850,"В каком из этих двух сценариев главный герой (который использует я/меня/мой) делает что-то явно морально неправильное, согласно обычным моральным нормам в США по состоянию на 2020 год? Сценарий 1 | Я пытался подсыпать в лимонад фентанил. Сценарий 2 | Когда мой сын сказал мне, что он гей, я отверг его.",A,A
philosophy/test/18,Каково было мнение Кларенса Дэрроу о смысле жизни?,A,C
high_school_european_history/test/38,"Этот вопрос относится к следующей информации.
Прочитайте следующий отрывок.
Никогда таланты высочайшего гения самого возвышенного рода не были столь щедро дарованы человеку. Гений Наполеона поразителен. Все отрасли человеческого знания казались одинаково знакомыми его гигантскому уму. Его беседы на острове Святой Елены, разбросанные по многочисленным и объемным мемориалам тех, кто их собирал, полны глубочайшего интереса. Во время долгой агонии своего заключения и своей смерти он беседовал с полной свободой о событиях своей чудесной карьеры и обо всех тех предметах или морали, политике и религии, которые наиболее глубоко касаются благополучия нашей расы. Нет ума, который не был бы воодушевлен знакомством с этими глубокими мыслями, выраженными с таким жаром чувств и энергией дикции. —Джон С. К. Эббот, историк, Наполеон на острове Святой Елены, 1855 г. Какая из следующих особенностей Французской империи при Наполеоне произвела на Эббота наибольшее впечатление?",B,B
college_medicine/test/146,Запасы АТФ в мышцах могут поставлять энергию только при высокоинтенсивных упражнениях примерно на:,B,A
professional_psychology/test/151,"Социальное влияние происходит, когда на отношение, мысли, чувства или поведение человека влияет убеждающее воздействие других. Существует множество ответов. Какой тип социального влияния представляет собой эффект Милгрэма?",B,B
moral_scenarios/test/588,"В каком из этих двух сценариев главный герой (который использует я/меня/мой) делает что-то явно морально неправильное, согласно обычным моральным нормам в США по состоянию на 2020 год? Сценарий 1 | Узнав, что ее сына схватили, я заверил ее, что не стоит беспокоиться, потому что власти уже в пути и решат этот вопрос. Сценарий 2 | Я добавил острый соус в ужин своего друга.",D,B
college_computer_science/test/87,"Программа, проверяющая орфографию, работает следующим образом. Определена хэш-таблица, в которой каждая запись является булевой переменной, инициализированной значением false. К каждому слову в словаре применена хэш-функция, а соответствующая запись в хэш-таблице установлена в значение true. Для проверки орфографии в документе хэш-функция применяется к каждому слову в документе, а соответствующая запись в хэш-таблице проверяется. Какое из следующих утверждений является правильным?
I. true означает, что слово было в словаре.
II. false означает, что слова не было в словаре.
III. Размер хэш-таблицы должен увеличиваться с размером документа.",B,A
conceptual_physics/test/19,Поляризация — это свойство,A,C
high_school_us_history/test/48,"Этот вопрос относится к следующей информации.
""Половина людей этой страны сегодня совершенно бессильна вычеркнуть из сводов законов несправедливый закон или написать там новый и справедливый. Женщины, недовольные этой формой правления, которая взимает налоги без представительства, — которая заставляет их подчиняться законам, на которые они никогда не давали своего согласия, — которая сажает в тюрьму и вешает их без суда присяжных из их равных, которая лишает их, в браке, опеки над собственной личностью, заработной платой и детьми, — эта половина людей полностью отдана на милость другой половины, что является прямым нарушением духа и буквы деклараций создателей этого правительства, каждая из которых была основана на непреложном принципе равных прав для всех"".
— Сьюзен Б. Энтони, «Я стою перед вами под обвинением» (речь), 1873 г. Что из перечисленного НЕ было призвано предоставить правительству полномочия регулировать растущее богатство и власть промышленников в конце девятнадцатого и начале двадцатого веков?",D,A
prehistory/test/202,"По мнению Рэндалла Уайта, о чем говорят предметы личного украшения эпохи верхнего палеолита?",C,C
public_relations/test/8,На каком этапе процесса планирования определяются цели?,B,B
professional_law/test/208,"Федеральный закон распространяет федеральные требования к минимальной заработной плате на все химчистки. Закон содержит четкие выводы о том, что в совокупности заработная плата, получаемая работниками химчистки, оказывает существенное влияние на национальную экономику и на поток товаров и услуг в межгосударственной торговле. Эти выводы подтверждаются информацией, представленной Конгрессу во время слушаний комитета по законодательству. Небольшая химчистка работает исключительно в пределах общины в центре географически большого штата. У нее нет клиентов из-за пределов штата. В ней работают три работника, каждый из которых получает меньше федеральной минимальной заработной платы. Должна ли эта химчистка соблюдать закон, устанавливающий федеральные требования к минимальной заработной плате для всех химчисток?",D,C
world_religions/test/60,Какой богине поклоняются во время праздника Дивали?,B,B
high_school_macroeconomics/test/201,Что из перечисленного является предсказуемым преимуществом экспансионистской денежно-кредитной политики в условиях рецессии?,B,B
global_facts/test/64,"Рассмотрим следующие утверждения: (1) В каждой стране люди думают, что другие люди в их стране менее счастливы, чем они есть на самом деле. (2) В Соединенных Штатах счастье женщин возросло как абсолютно, так и относительно мужчин. Какое из этих утверждений является истинным/ложным?",B,A
professional_psychology/test/575,Одним из ключевых признаков для проведения дифференциальной диагностики нервной булимии и нервной анорексии является:,B,B
moral_scenarios/test/768,"В каком из этих двух сценариев главный герой (который использует я/меня/мой) делает что-то явно морально неправильное, согласно обычным моральным нормам в США по состоянию на 2020 год? Сценарий 1 | Я пошел на ферму посмотреть на кур. Сценарий 2 | Я включал мультфильмы перед своими детьми.",D,C
human_sexuality/test/117,Вас попросили написать ответную статью на исследование Левея о различиях в мозге между гетеросексуалами и гомосексуалами. Каковы правдоподобные критические замечания по поводу работы Левея?,D,A
elementary_mathematics/test/302,"Цена акции компании XYZ в начале недели составляла $24,75. В течение следующих пяти дней акция выросла на $2,50 в понедельник, потеряла $3,25 во вторник, потеряла $0,75 в среду, выросла на $1,25 в четверг и выросла на $4,75 в пятницу. Какова была цена акции в конце пятницы?",C,B
moral_scenarios/test/457,"В каком из этих двух сценариев главный герой (который использует я/меня/мой) делает что-то явно морально неправильное, согласно обычным моральным нормам в США по состоянию на 2020 год? Сценарий 1 | Поблизости не было туалета, поэтому я спросил охранника, где его найти. Сценарий 2 | Я добавил острый соус в праздничный торт моего друга.",C,A
professional_law/test/174,"Полагая, что она беременна, женщина обратилась к врачу, лицензированному гинекологу, потому что она хотела сделать аборт. Врач осмотрел ее и определил, что она не беременна, но решил, что скажет ей, что она беременна, чтобы заработать свой гонорар в 500 долларов. Получив 500 долларов, врач принял решение о том, чтобы женщина была госпитализирована, ложно сообщив руководству больницы, что у нее доброкачественная опухоль на матке, которую он собирается удалить. Он выполнил все хирургические процедуры, необходимые для аборта, в надлежащих гигиенических условиях, но у женщины началось кровотечение, и она умерла. Врач должен быть признан виновным в",B,B
philosophy/test/40,Милль определяет «полезность» как:,C,B
high_school_physics/test/122,"Человек стоит в лифте, который начинает подниматься. Оказывает ли нормальная сила от пола работу на человека?",A,A
high_school_psychology/test/136,От какого из следующих понятий зависит способность музыканта различать два очень похожих звука?,D,B
high_school_macroeconomics/test/69,"Налоговый мультипликатор увеличивается по величине, когда",C,A
marketing/test/50,Какая из перечисленных ниже стратегий ценообразования является наиболее подходящей для использования при выводе на рынок нового и уникального продукта?,A,D
business_ethics/test/89,"_________ — это индивидуальные убеждения о желательном поведении и целях, которые остаются стабильными во времени и влияют на принятие решений.",B,A
high_school_statistics/test/190,"Чтобы определить среднее количество детей, живущих в односемейных домах, исследователь выбирает простую случайную выборку из 50 таких домов. Однако даже после одного контрольного визита интервьюеру не удается связаться ни с кем в 8 из этих домов. Обеспокоенный смещением из-за неответов, исследователь выбирает еще одну простую случайную выборку и просит интервьюера продолжать попытки, пока не будет установлен контакт с кем-то в 50 домах. Среднее количество детей определяется как 1,73. Вероятно, эта оценка слишком низкая или слишком высокая?",C,C
high_school_biology/test/47,"Что из перечисленного лучше всего объясняет, почему люди могут переваривать крахмал, но не могут переваривать целлюлозу, хотя обе молекулы состоят из мономеров глюкозы?",A,A
elementary_mathematics/test/101,Найдите решение уравнения 5x − 5 = −10 из данных чисел.,A,A
logical_fallacies/test/89,Применение нерелевантных стандартов к предмету спора является ошибкой,C,C
college_physics/test/44,"Синий свет с длиной волны 480 нанометров наиболее сильно отражается от тонкой масляной пленки на предметном стекле, если смотреть на него при нормальном падении. Если предположить, что показатель преломления масла равен 1,2, а стекла — 1,6, какова минимальная толщина масляной пленки (отличная от нуля)?",B,A
professional_law/test/1142,"Промышленный город с населением 100 000 человек расположен на северном берегу реки. На южном берегу реки расположена сельская община с населением 40 000 человек. В течение многих лет различные гражданские группы призывали к объединению обеих общин в один поселок с единым правительственным органом. Независимые исследования показали, что такое слияние приведет к огромной экономии налогов для жителей обоих муниципалитетов за счет устранения дублирования услуг. В одном из предыдущих случаев сторонникам плана слияния удалось добиться того, чтобы предложение появилось в качестве референдума о выборах в каждой общине. Хотя референдум о слиянии прошел в промышленном городе со значительным перевесом, избиратели сельской общины отклонили эту меру, опасаясь, что объединенное правительство будет доминироваться и контролироваться более крупным представительством соседа. Чтобы облегчить беспокойство избирателей сельской общины относительно недостаточного представительства в объединенной правительственной системе, соответствующие городские советы обоих муниципалитетов назначили руководящий комитет для формулирования нового предложения. Соответственно, руководящий комитет разработал схему слияния, в которой городской совет объединенного города будет состоять из восьми членов. В рамках этой предлагаемой новой системы управления каждый бывший муниципалитет будет разделен на четыре района. Что касается промышленного города, каждый район будет состоять из 25 000 человек, и в каждом будет один избранный член городского совета. По той же причине сельская община будет разделена на четыре выборных района, каждый из которых будет содержать 10 000 жителей. Один член городского совета также будет избран от каждого из этих районов. Мэр будет избран в целом всеобщим голосованием всех жителей во вновь созданных восьми районах. Перед тем, как это предложение об слиянии было вынесено на голосование, генеральный прокурор штата вынесла консультативное заключение, в котором говорилось, что эта мера, по ее мнению, не нарушает никаких законодательных или конституционных положений. После этого предложение было вынесено на голосование и было принято подавляющим большинством голосов избирателей в обоих муниципалитетах. После выборов, но до официального проведения слияния, два налогоплательщика из промышленного города инициировали иск с требованием запретить объединение, критикуя конституционность непропорциональных представительных округов. Какой из следующих пунктов представляет собой самый сильный конституционный аргумент истцов в поддержку их действий?",A,D
logical_fallacies/test/51,Что из перечисленного описывает ошибочность апелляции к популярности?,B,B
medical_genetics/test/87,"Мутации, вызывающие ахондроплазию, оказывают эффект, который можно классифицировать как:",B,A
high_school_microeconomics/test/3,"Вам говорят, что перекрестная ценовая эластичность между товарами X и Y составляет +2,0. Это означает, что",D,D
professional_medicine/test/263,"15-летнего мальчика привела в кабинет его мать, потому что он был уставшим и раздражительным в течение последних 3 месяцев. Он учится в старшей школе и является членом команды по легкой атлетике. Он сообщает, что его симптомы начались вскоре после начала весенних тренировок. Он занимается спринтом 5 вечеров в неделю и бегает от 2 до 5 миль несколько дней в неделю в дополнение к тренировкам ног с отягощениями. Он признается, что устал, и говорит, что тренировки становятся более интенсивными, и что он немного обеспокоен своей способностью продолжать в команде. Его аппетит не изменился. Медицинский анамнез ничем не примечателен, и он не принимает никаких лекарств. Он был вашим пациентом в течение последних 3 лет. Он кажется более угрюмым, чем вы помните по предыдущим визитам. Вы просите его мать покинуть смотровой кабинет, пока вы заканчиваете медицинский осмотр. После того, как она выходит из кабинета, он признается, что его беспокоят какие-то уплотнения в паху. Наиболее целесообразно получить дополнительный анамнез относительно чего из следующего?",D,B
college_chemistry/test/79,Что из перечисленного относится к сопряженным кислотно-основным парам?,B,B
us_foreign_policy/test/63,"По мнению Розенау, какой фактор важно учитывать при объяснении внешнеполитического поведения Соединенных Штатов?",D,B
jurisprudence/test/49,Что Дворкин подразумевает под «семантическим уколом»?,D,C
professional_psychology/test/259,"Когда вы консультируетесь с коллегой по поводу «терапевтического тупика», в котором вы оказались с клиентом терапии:",D,C
college_medicine/test/64,"Если средняя скорость потребления кислорода спортсменом-мужчиной за тренировку составляет 2 л/мин, то скорость расхода энергии у него примерно равна:",D,A
professional_medicine/test/261,"25-летний мужчина доставлен в отделение неотложной помощи после того, как был обнаружен дома в полубессознательном состоянии и бессвязном состоянии. По прибытии он находится в состоянии ступора. Его артериальное давление составляет 105/70 мм рт. ст., пульс — 80/мин, а дыхание — 12/мин. Осмотр показывает прохладную, влажную кожу. Зрачки точечные и вяло реагируют на свет. Какое из следующих веществ, скорее всего, было принято?",D,A
us_foreign_policy/test/9,В американском правительстве право объявлять войну принадлежит,D,A
moral_disputes/test/100,Что из перечисленного является примером порока характера?,D,D
professional_law/test/534,"1 сентября производитель переносных питьевых фонтанчиков отправил продавцу питьевых фонтанчиков подписанное предложение, в котором говорилось: «Имейте 200 питьевых фонтанчиков по 100 долларов за штуку для поставки в октябре. Обратите внимание, что это предложение будет действовать до 1 октября». 30 сентября продавец отправил следующее письмо, которое было получено производителем 1 октября: «Ваше предложение настоящим принимается, но запрашивайте поставку 100 питьевых фонтанчиков в октябре и 100 в ноябре». Однако 29 сентября производитель отправил продавцу факс с отзывом своего предложения, который был получен в тот же день. Этот отзыв",D,B
nutrition/test/1,"При каком из следующих обстоятельств распространенность заболевания среди населения увеличится, если все остальные параметры останутся неизменными?",B,D
professional_accounting/test/34,"Лонг был агентом по закупкам для Frost, индивидуального предпринимателя. Лонг имел прямые полномочия размещать заказы на закупку у поставщиков Frost. Лонг вел бизнес в Интернете и мало контактировал с Frost. После того, как Frost был признан недееспособным в судебном порядке, Лонг разместил заказ в Grant Corp. от имени Frost. И Лонг, и Грант не знали о некомпетентности Frost. Будет ли Frost или законный представитель Frost нести ответственность перед Grant?",D,B
international_law/test/19,Какое из следующих утверждений является ложным?,D,C
college_biology/test/42,"Что из перечисленного увеличит скорость, с которой газ диффундирует между альвеолами легких и кровью в легочных капиллярах?",C,A
human_sexuality/test/41,В какой день типичного 28-дневного менструального цикла у женщины вероятна овуляция?,C,C
professional_accounting/test/155,"Оборачиваемость запасов (IT) фирмы составляет 5 раз от себестоимости проданных товаров (COGS) в размере $800 000. Если IT улучшается в 8 раз, а COGS остается прежней, то значительная сумма средств высвобождается или дополнительно инвестируется в запасы. Фактически,",D,A
electrical_engineering/test/105,"Самая низкая критическая частота соответствует нулю и может присутствовать в начале координат или ближе к нему, тогда тип сети",D,A
professional_law/test/1205,"Мать отвезла своего пятилетнего ребенка в отделение неотложной помощи больницы для лечения. Врач из персонала больницы приставал к ребенку, пока оказывал ей помощь. В это время в процедурном кабинете не было никого, кроме врача и ребенка; мать вышла из кабинета, чтобы выпить чашку кофе. Две недели спустя, когда ребенок рассказал матери о том, что произошло в процедурном кабинете, мать испытала сильный эмоциональный стресс, из-за которого ей стало физически плохо. Вероятно ли, что мать выиграет дело в иске против врача, поданном матерью от ее собственного имени с целью возмещения ущерба за преднамеренное причинение эмоционального стресса?",B,B
moral_scenarios/test/154,"В каком из этих двух сценариев главный герой (который использует я/меня/мой) делает что-то явно морально неправильное, согласно обычным моральным стандартам в США по состоянию на 2020 год? Сценарий 1 | Моя мама попросила меня тщательно вымыть ванну, поэтому я покрыл ее отбеливателем. Сценарий 2 | На похороны я надел свой костюм клоуна, чтобы почтить память умершего.",C,A
anatomy/test/79,Норадреналин является нейромедиатором между какой из двух структур ниже?,D,B
high_school_psychology/test/477,"Посещая музей, вы изучаете статую, обходя ее и осматривая ее с разных мест в зале. Изображения статуи на сетчатке глаза меняются, но вы не воспринимаете эти изменения из-за",C,C
high_school_psychology/test/532,"У людей палочки, в отличие от колбочек,",D,C
management/test/48,Каковы характеристики запрограммированного решения?,D,C
philosophy/test/191,"Гоббс утверждает, что все законы природы можно свести к следующему правилу:",C,C
professional_law/test/1051,"Недавно Конгресс принял закон, требующий от всех мужчин в возрасте от 18 до 30 лет проходить медицинский осмотр каждый год. Результаты осмотра отправляются в государственный информационный центр данных с целью хранения информации о мужчинах, которые могут быть призваны в армию. У 25-летнего выпускника юридического факультета герпес. Недавно он отправил резюме во многие государственные учреждения. Опасаясь, что информация о его заболевании герпесом станет общедоступной, он добивается декларативного решения, которое запретило бы правительству требовать от него прохождения медицинского осмотра. Какой из следующих пунктов является лучшей конституционной основой в поддержку федерального закона?",C,B
college_biology/test/92,"Равновесие Харди-Вайнберга обычно предполагает все перечисленное, КРОМЕ:",B,B
astronomy/test/68,"Небулярная теория формирования Солнечной системы успешно предсказывает все, кроме одного из следующих пунктов. Какой из них не предсказывает теория?",B,A
college_biology/test/59,"Что из перечисленного является биологическим признаком, который, скорее всего, позволит виду стать космополитичным в своем распространении?",D,D
high_school_mathematics/test/91,"Пусть $f(x)=3x+4$ и $g(x)=2x-3$. Если $h(x)=f(g(x))$, то чему равно обратное $h(x)$?",C,A
moral_scenarios/test/351,"В каком из этих двух сценариев главный герой (который использует я/меня/мой) делает что-то явно морально неправильное, согласно обычным моральным нормам в США по состоянию на 2020 год? Сценарий 1 | Мне нравится бросать своего кота на кровать. Сценарий 2 | Я дал животному двадцать таблеток обезболивающего, когда увидел, что ему больно.",C,A
professional_accounting/test/207,"Аудитор может предоставить клиенту-эмитенту любую из следующих неаудиторских услуг без ущерба для независимости и без получения предварительного одобрения аудиторского комитета, за исключением:",C,B
marketing/test/89, Что из перечисленного не является полезной основой для сегментирования организационных характеристик?,A,A
clinical_knowledge/test/137,Что из этого с наибольшей вероятностью может вызвать отклонение трахеи?,C,C
prehistory/test/206,Минойцы населяли _________ остров Крит.,A,A
philosophy/test/227,"Ансельм предполагает, что существо, существующее в реальности, больше существа, которое _____.",C,C
professional_law/test/327,"Муж и жена передали часть своей унаследованной семейной фермы своей племяннице за вознаграждение, но значительно ниже рыночной стоимости. Однако они сохранили за собой право возврата следующим образом: «РЕЗЕРВАЦИЯ в пользу Дарителей, их наследников и правопреемников, автоматический возврат, если переданное здесь имущество когда-либо будет заложено или обременено в течение жизни любого из Дарителей». После смерти мужа племянница заложила имущество. Может ли оставшаяся в живых жена принудительно реализовать автоматический возврат, вернув себе право собственности?",D,A
professional_law/test/554,"В письменном договоре продавец согласился поставить покупателю 1000 виджетов по оговоренной цене 10 долларов за штуку, FOB в месте нахождения продавца. Договор предусматривал, что «любая сторона, желающая уступить этот договор, должна иметь письменное согласие другой стороны». 1 марта продавец поместил виджеты на борт грузового судна, которое должно было доставить виджеты покупателю. 2 марта покупатель получил следующую телеграмму от продавца: «Сообщаю, что виджеты находятся в пути. Кроме того, настоящим я уступаю все свои права по нашему договору нашему кредитору». Покупатель не дал согласия на уступку. На следующий день судно, перевозившее виджеты, затонуло в сильном шторме, уничтожив весь груз. Если кредитор предъявит соответствующий иск покупателю, первый, скорее всего, получит возмещение",C,A
high_school_us_history/test/41,"Этот вопрос относится к следующей информации.
""Совесть народа во время серьезных национальных проблем вызвала к жизни новую партию, рожденную чувством справедливости нации. Мы, Прогрессивная партия, посвящаем себя выполнению долга, возложенного на нас нашими отцами, поддерживать правительство народа, народом и для народа, основы которого они заложили. Мы считаем, как Томас Джефферсон и Авраам Линкольн, что народ является хозяином своей Конституции, чтобы выполнять ее цели и защищать ее от тех, кто, извращая ее намерения, хотел бы превратить ее в инструмент несправедливости. В соответствии с потребностями каждого поколения народ должен использовать свои суверенные полномочия для установления и поддержания равных возможностей и промышленной справедливости, для обеспечения которых было основано это правительство и без которых ни одна республика не может существовать.
""Эта страна принадлежит народу, который ее населяет. Ее ресурсы, ее бизнес, ее институты и ее законы должны использоваться, поддерживаться или изменяться любым способом, который наилучшим образом будет способствовать общим интересам. Пришло время поставить общественное благосостояние на первое место».
Платформа Прогрессивной партии, 1912 г.
Из следующих политических мер, какая НЕ была главной целью американских прогрессистов?",D,D
philosophy/test/41,"По мнению Канта, давать ложное обещание было бы неправильно, потому что _____.",C,B
moral_scenarios/test/341,"В каком из этих двух сценариев главный герой (который использует я/меня/мой) делает что-то явно морально неправильное, согласно обычным моральным нормам в США по состоянию на 2020 год? Сценарий 1 | Моя подруга в последнее время часто одалживала мне ее машину, поэтому я решил заправить бензобак, не сказав ей. Сценарий 2 | У меня вши в волосах, поэтому я одолжу своей сестре свою расческу.",C,A
high_school_microeconomics/test/47,"Конкурентный рынок труда в настоящее время находится в равновесии. Что из перечисленного, скорее всего, увеличит рыночную заработную плату?",B,A
high_school_government_and_politics/test/100,Что из перечисленного ниже лучше всего описывает практику «разделения билетов»?,B,A
high_school_chemistry/test/72,"Образец газообразного кислорода при температуре 50 °C нагревается, достигая конечной температуры 100 °C. Какое утверждение лучше всего описывает поведение молекул газа?",D,C
human_aging/test/213,"Потеря слизистой оболочки желудка может привести к симптомам, напоминающим",B,A
moral_scenarios/test/549,"В каком из этих двух сценариев главный герой (который использует я/меня/мой) делает что-то явно морально неправильное, согласно обычным моральным нормам в США по состоянию на 2020 год? Сценарий 1 | Я полностью обнажил свое тело на нудистском пляже. Сценарий 2 | Я не хочу видеть, как дразнят моего ребенка, поэтому я исправлю ему уши.",D,C
high_school_biology/test/156,"Первые простые клетки появились примерно 3,5 миллиарда лет назад, а за ними последовали более сложные эукариотические клетки 2,1 миллиарда лет назад. Какое из следующих утверждений верно?",A,A
college_computer_science/test/32,"Боб записывает число от 1 до 1000. Мэри должна определить это число, задавая Бобу вопросы типа «да/нет». Мэри знает, что Боб всегда говорит правду. Если Мэри использует оптимальную стратегию, то она определит ответ в конце скольких именно вопросов в худшем случае?",D,B
high_school_macroeconomics/test/329,Стагфляция является результатом,A,C
professional_medicine/test/158,"Мужчина 78 лет обратился в клинику с жалобой на сильную боль в шее. Он оценил боль на 7 баллов по шкале от 0 до 10. Он отрицает наличие какой-либо травмы, но сообщает, что в течение последней недели много занимался живописью. Он отрицает наличие корешковой боли или онемения. Диапазон движений в шейном отделе позвоночника умеренно ограничен во всех областях. Его лечат с помощью артикуляционной пружинящей техники. Четыре часа спустя врач получает звонок из местного отделения неотложной помощи, где пациент поступил в состоянии спутанности сознания, тошноты и головокружения. Врач может быть признан ответственным, если",C,A
high_school_computer_science/test/11,"Исторически было замечено, что скорость обработки данных компьютерами, как правило, удваивается каждые два года. Что из следующего лучше всего описывает, как технологические компании могут использовать это наблюдение для целей планирования?",C,B
high_school_psychology/test/274,Что из перечисленного НАИМЕНЬШЕ всего способствует возникновению предрассудков?,D,C
professional_psychology/test/202,"В течение многих месяцев людям разного возраста, расы и социального происхождения предлагается ряд тестовых заданий, чтобы определить, какие вопросы будут сохранены в окончательной версии теста. Этот процесс называется",D,C
formal_logic/test/5," Выберите лучшую английскую интерпретацию данного предложения, используя следующий ключ перевода: Ax: x — квартира Hx: x — дом Lx: x большой Bxy: x больше, чем y (∃x)[Hx • (∀y )(Ay ⊃ Bxy)]",D,A
moral_scenarios/test/192,"В каком из этих двух сценариев главный герой (который использует я/меня/мой) делает что-то явно морально неправильное, согласно обычным моральным нормам в США по состоянию на 2020 год? Сценарий 1 | Я всегда давал дополнительные баллы на экзаменах тем, кто давал правильные ответы. Сценарий 2 | Я зажег фейерверк в офисном здании.",C,A
philosophy/test/258,"Хэре называет людей, которые поддерживают идеалы, не обращая внимания на то, преследуют ли они интересы других людей, следующими:",A,B
abstract_algebra/test/77,Найдите характеристику кольца Z x Z.,A,C
electrical_engineering/test/82,Трехступенчатый буфер имеет следующие выходные состояния,C,C
marketing/test/94,Какой элемент рекламного комплекса справляется с неблагоприятными историями и событиями и способствует формированию положительного корпоративного имиджа?,D,D
public_relations/test/3,В каком году BBC начала радиовещание?,B,C
electrical_engineering/test/25,"Частота питания, обычно используемая для высокочастотного вихретокового нагрева, составляет",D,C
high_school_psychology/test/28,"Исследователь проверяет навыки решения проблем двадцати 10-летних, двадцати 20-летних и двадцати 30-летних участников для исследования возраста и решения проблем. Какой метод исследования использует этот исследователь?",D,A
abstract_algebra/test/16,"Обратным к -i в мультипликативной группе {1, -1, i , -i} является",C,D
sociology/test/126,Вебер определил «классовую ситуацию» как:,C,B
high_school_psychology/test/188,"Иерархия потребностей Абрахама Маслоу предполагает, что каждый человек мотивирован чем?",B,B
professional_accounting/test/139,"Какой из следующих факторов, скорее всего, усилит обеспокоенность аудитора относительно риска мошеннической финансовой отчетности?",D,A
college_computer_science/test/96,"Рассмотрим объектно-ориентированный язык, в котором все сущности являются объектами. Возникают два отношения: (1) отношение экземпляра между объектом и классом, членом которого является этот объект, и (2) отношение подкласса между классом и суперклассом, от которого этот класс наследует свойства. В таком языке, когда сообщение отправляется объекту с запросом на выполнение одного из его методов (процедур), метод находится путем следования",A,C
world_religions/test/107,Характерной чертой какой христианской конфессии является говорение на языках?,C,A
miscellaneous/test/201,"Сила равна массе, умноженной на что?",C,C
professional_law/test/692,"Женщине нужно было отремонтировать микроволновку. Она обратилась к местному мастеру, который сказал, что может отремонтировать микроволновку за 100 долларов. Женщина с готовностью согласилась и отдала микроволновку мастеру, который пообещал, что она будет готова через две недели. Через неделю мастер понял, что у него так много работы, что он не сможет отремонтировать микроволновку вовремя. Затем он отвез микроволновку в ремонтную мастерскую. Мастерская согласилась отремонтировать микроволновку за 80 долларов в течение одной недели. Владелец ремонтной мастерской, заключивший договор с мастером, не знал, что микроволновка на самом деле принадлежит женщине. Если мастерская не сможет отремонтировать микроволновку, какое из следующих утверждений является наиболее точным?",B,C
electrical_engineering/test/20,"Концепция управления V/f инверторами, приводящими в движение асинхронные двигатели, приводит к",A,A
clinical_knowledge/test/122,Какой из перечисленных препаратов можно использовать для усиления моторики желудка?,C,D
machine_learning/test/28,Усреднение выходных данных нескольких деревьев решений помогает _.,D,B
professional_psychology/test/18,"Руководитель диссертации аспиранта, доктор X, оказывается малополезным, и студент в конечном итоге получает совет и помощь от доцента, доктора Z. Доктор X действительно рецензирует диссертацию, когда она завершена, и она указана в качестве руководителя диссертации. Несколько месяцев спустя студент решает написать статью для профессионального журнала, которая основана на его диссертационном исследовании. С точки зрения кредита на публикацию:",B,C
miscellaneous/test/365,Какое из этих выражений является жаргонным обозначением слова «полиция»?,A,A
professional_accounting/test/74,"Если ордер дает право купить одну акцию обыкновенных акций и может быть исполнен по цене 20 долларов за акцию, тогда как рыночная цена акции составляет 30 долларов, то теоретическая стоимость ордера составляет:",B,A
clinical_knowledge/test/255,"При сборе анамнеза опорно-двигательного аппарата, что из перечисленного верно?",A,C
high_school_statistics/test/86,"Проект Тины на научной выставке заключался в оценке среднего количества химикатов в водоснабжении ее города. Сначала она решила использовать случайную выборку из 15 наблюдений. Но ее учитель попросил ее взять 35 наблюдений. Среднее значение и стандартное отклонение из 35 наблюдений оказались примерно такими же, как и из 15 наблюдений. Есть ли какое-либо преимущество в использовании 35 наблюдений вместо 15 наблюдений?",D,A
professional_psychology/test/57,"60-летний начальник пожарной охраны направил вас, потому что политика отдела требует оценки пригодности, когда сотрудник достигает этого возраста. Вас попросили помочь в оценке пригодности цис. Какой из следующих факторов будет наиболее важным для рассмотрения при оценке",D,A
miscellaneous/test/541,Каково было первоначальное название компьютера Apple Macintosh XL?,A,B
electrical_engineering/test/94,В машине постоянного тока используется шестиполюсная волновая обмотка. Число параллельных путей?,C,A
high_school_world_history/test/89,"Этот вопрос относится к следующей информации.
Уровень грамотности среди русскоязычного населения поздней императорской России и Советского Союза, 1897–1955 гг.
Уровень грамотности
1897 г. 24%
1917 г. 45%
1926 г. 56%
1937 г. 75%
1939 г. 81,10%
1955 г. 99,90%
Источник: данные переписи и Министерства образования СССР
Информация, представленная в приведенной выше таблице, лучше всего понятна в каком из следующих исторических контекстов?",B,B
high_school_chemistry/test/30,Длина связи между любыми двумя атомами неметалла достигается при каком из следующих условий?,A,C
prehistory/test/122,Оппортунистическое кормодобывание включает в себя:,D,C
sociology/test/6,В 1980-х годах наблюдался рост неравенства доходов по следующим причинам:,D,C
formal_logic/test/110,Выберите лучший перевод в логику предикатов: Все студенты первого курса сдают тест по плаванию.,B,A
professional_psychology/test/387,"Рационально-экономическая модель принятия решений основана на предположении, что:",B,B
security_studies/test/13,"Какой из перечисленных принципов не является одним из объединяющих принципов критических исследований безопасности, как он определен Краузе?",B,C
prehistory/test/12,"К концу плейстоцена, между 28 000 и 18 000 лет назад, уровень мирового океана был намного ниже современного, что привело к обнажению суши к востоку от Сибири, называемой __________. Этот период называется _______.",C,A
miscellaneous/test/504,Какая популярная игрушка представлена в фильме «Подручный Хадсакера»?,B,B
professional_accounting/test/9,"Carson владел 40% выпущенных акций корпорации C. В течение налогового года корпорация сообщила о налогооблагаемом доходе в размере 400 000 долларов США и распределила в общей сложности 70 000 долларов США в виде денежных дивидендов среди своих акционеров. Carson точно указала 28 000 долларов США валового дохода в индивидуальной налоговой декларации Carson. Если бы корпорация была корпорацией S и распределения среди владельцев были пропорциональными, какой доход Carson указала бы в индивидуальной налоговой декларации Carson?",C,B
elementary_mathematics/test/121,Значение цифры 5 в числе 24 513 во сколько раз превышает значение цифры 5 в числе 357?,A,A
formal_logic/test/8,"Какое из следующих предложений является непосредственным (одношаговым) следствием в PL данных посылок?
~E ⊃ ~F
G ⊃ F
H ∨ ~E
H ⊃ I
~I",D,A
professional_law/test/1234,"Владелец дома передал свою собственность кузену «на всю жизнь, с остатком наследникам (домовладельца)». Позже кузен передал собственность фермеру «на тот срок, пока он будет продолжать обрабатывать собственность». После смерти кузена наследники домовладельца подали иск против фермера с требованием аннулировать право собственности. Какая доктрина общего права будет наиболее применима при определении судом права собственности на собственность?",C,B
clinical_knowledge/test/76,Какие три фактора регулируют ударный объем?,B,B
high_school_microeconomics/test/161,Какие из следующих утверждений верны?,D,B
moral_disputes/test/314,"Центральная предпосылка аргументации Уэллмана заключается в том, что право государства на свободу объединений подразумевает право _____ потенциальных членов:",A,D
logical_fallacies/test/136,Что из перечисленного лучше всего описывает ошибочность самоочевидных истин?,C,C
high_school_world_history/test/127,"Этот вопрос относится к следующей информации.
Разве только единство не может объединить нас в эффективную силу, способную создать наш собственный прогресс и внести наш ценный вклад в мир во всем мире? Какое независимое африканское государство будет утверждать, что его финансовая структура и банковские учреждения полностью задействованы для его национального развития? Какое независимое африканское государство будет утверждать, что его материальные ресурсы и человеческая энергия доступны для его собственных национальных устремлений? Мы быстро понимаем, что политической независимости недостаточно, чтобы избавить нас от последствий колониального правления. Мы были слишком заняты заботой о наших отдельных государствах, чтобы полностью понять основную потребность в союзе, основанном на общей цели, общем планировании и общих усилиях.
Президент Ганы Кваме Нкрума, выступая перед Организацией африканского единства, 1963 г.
Какой из следующих факторов был наиболее важным в предотвращении осуществления политических мечтаний, описанных в отрывке?",A,C
professional_law/test/892,"Правление государственного университета приняло следующее правило относительно требований к резидентству: «Студент будет считаться законным резидентом штата для целей регистрации в университете, если такое лицо старше 21 года и установило законное место жительства в штате в течение как минимум одного года, непосредственно предшествующего последнему дню регистрации для получения кредита». «Студент переехал в штат и немедленно был зачислен в государственный университет. Поскольку он не выполнил требования к резидентству университета, студент должен был платить за обучение 1800 долларов каждый семестр, что на 400 долларов больше, чем плата за обучение студентов-резидентов штата. В иске студента, оспаривающего конституционность положения, регулирующего определение резидентства с целью установления разницы в оплате для студентов из других штатов в государственном колледже, суд, скорее всего, объявит положение",D,C
high_school_psychology/test/84,"Медицинская модель поведения с психологическими расстройствами, скорее всего, подвергнется критике за игнорирование важности",D,A
high_school_european_history/test/145,"Этот вопрос относится к следующей информации.
С этого момента и до того момента, когда враг будет изгнан с земли Республики, все французы находятся в постоянной реквизиции для службы в армиях. Молодые люди должны идти в бой; женатые мужчины должны ковать оружие и перевозить провизию; женщины должны делать палатки и одежду и служить в госпиталях; дети должны превращать старое полотно в корпию; старики должны отправляться в общественные места, чтобы пробудить мужество воинов и проповедовать ненависть к королям и единство Республики. …
Комитет общественной безопасности поручается принять все необходимые меры для того, чтобы без промедления организовать чрезвычайное производство оружия любого рода, которое соответствует пылу и энергии французского народа. Соответственно, он уполномочен создавать все учреждения, фабрики, мастерские и мельницы, которые будут сочтены необходимыми для выполнения этих работ, а также реквизировать на всей территории Республики художников и рабочих, которые могут способствовать их успеху. Представители народа, посланные для исполнения настоящего закона, будут иметь те же полномочия в своих соответствующих округах, действуя совместно с Комитетом общественной безопасности; они наделены неограниченными полномочиями, предоставленными представителям народа в армиях.
Levée en Masse, 23 августа 1793 г.
Отрывок можно использовать как один из примеров того, как Комитет общественной безопасности",B,B
high_school_microeconomics/test/172,"Землю, труд, капитал и предпринимательский талант часто называют",D,A
professional_accounting/test/69,"По состоянию на 1 декабря 2-го года компания получила кредитную линию на сумму $1 000 000 со сроком погашения в один год, по которой она взяла $250 000, обеспеченную облигацию на сумму $750 000, подлежащую погашению пятью ежегодными взносами, и трехлетнюю облигацию с шаровым платежом на сумму $300 000. У компании нет других обязательств. Как следует отразить долг компании в ее классифицированном балансе на 31 декабря 2-го года, если в декабре не было произведено никаких выплат по долгу?",C,A
security_studies/test/240,Каким образом можно провести различие между ограниченной силой и полномасштабной силой?,D,D
high_school_biology/test/63,"В этом биоме произрастают растения, корни которых не могут проникать глубоко из-за наличия вечной мерзлоты.",C,B
jurisprudence/test/38,"Свод законов, устанавливающий права между людьми и предусматривающий возмещение ущерба за нарушение этих прав, называется:",B,B
